channel,url,inc,avg,diff,time
destiny,https://clips.twitch.tv/ElatedStrongPenguinKappa-FJ4nJ5IgRDMxBbN8/edit,25,24.43,1.02,2022-03-04 03:30:51.477375
destiny,https://clips.twitch.tv/FurtiveBenevolentSoymilkANELE-rK4PX3xPWM5wikG6/edit,71,36.98,1.92,2022-03-04 03:31:12.338472
destiny,https://clips.twitch.tv/RelievedAnimatedAdminMikeHogu-c6Bn7iJk4x-hI9mZ/edit,67,55.86,1.2,2022-03-04 03:38:00.060645
destiny,https://clips.twitch.tv/InnocentAmorphousPepperTooSpicy-9Fj-dRR6tohImCyV/edit,93,70.71,1.32,2022-03-04 03:38:20.841442
destiny,https://clips.twitch.tv/CourageousInventiveQueleaBrainSlug-p3CRVXUNaGN7nXIE/edit,181,103.37,1.75,2022-03-04 03:38:41.640513
destiny,https://clips.twitch.tv/VastAdorableToothTwitchRaid-MOIPJMNxpMplsFlj/edit,123,139.33,0.88,2022-03-04 03:39:02.468994
destiny,https://clips.twitch.tv/EnticingDeafBoarKAPOW-MEP9cy-Ci00x8jBF/edit,59,141.16,0.42,2022-03-04 03:39:23.248614
destiny,https://clips.twitch.tv/AbstemiousAdventurousAubergineDoubleRainbow-rzJBGTaYOkwUtpaf/edit,35,84.96,0.41,2022-03-04 03:39:44.068104
destiny,https://clips.twitch.tv/PopularSincereTermiteFreakinStinkin-ph402RQwFtmuJLU_/edit,66,51.63,1.28,2022-03-04 03:40:05.008613
destiny,https://clips.twitch.tv/HelpfulHardEggnogTheThing-cqqA-kKKNX6cubjr/edit,42,54.16,0.78,2022-03-04 03:40:25.903419
destiny,https://clips.twitch.tv/HorribleBitterVanillaPunchTrees-2nbLKwuci3Qa_JkB/edit,77,59.41,1.3,2022-03-04 03:40:46.788882
destiny,https://clips.twitch.tv/FastTsundereBurritoMikeHogu-fLCmRfFRahFyRvCM/edit,57,61.1,0.93,2022-03-04 03:41:07.562779
destiny,https://clips.twitch.tv/ThankfulColdEagleWOOP-80HXnHpwUJuX-4Vi/edit,102,73.45,1.39,2022-03-04 03:41:28.401927
destiny,https://clips.twitch.tv/EasySpoopySalsifyAMPEnergyCherry-DtE_Z1m6PFOTNMkJ/edit,121,90.92,1.33,2022-03-04 03:41:49.350704
destiny,https://clips.twitch.tv/TriumphantWittyMilkFunRun-fZtw6fcnRaNOTpGu/edit,130,117.63,1.11,2022-03-04 03:42:10.229514
destiny,https://clips.twitch.tv/UnsightlyRelievedDogDendiFace-kRLP6VD3z4mDo3J3/edit,33,107.94,0.31,2022-03-04 03:42:31.081619
destiny,https://clips.twitch.tv/AthleticSpoopyPonyRalpherZ-JiZnmL_S89xHR-1G/edit,31,69.02,0.45,2022-03-04 03:42:51.909035
destiny,https://clips.twitch.tv/CrepuscularBlazingBunnyWOOP-I273O1curv5vxu5X/edit,45,27.53,1.63,2022-03-04 03:53:43.857568
destiny,https://clips.twitch.tv/TenuousAgitatedAlligatorBabyRage-ppQqH0pn-joaMJ71/edit,46,29.71,1.55,2022-03-04 03:54:47.774724
destiny,https://clips.twitch.tv/RespectfulUnsightlyLarkPrimeMe-YTdS_-SoDMZFxIcG/edit,110,61.57,1.79,2022-03-04 03:55:08.731152
destiny,https://clips.twitch.tv/BraveRepleteDumplingsBuddhaBar-Q_4rJ7sBTINbm3cx/edit,28,17.8,1.57,2022-03-04 03:56:20.633994
destiny,https://clips.twitch.tv/TransparentNastyLocustDoubleRainbow-gZti7v18SVxl4GYG/edit,51,30.71,1.66,2022-03-04 03:56:41.557109
destiny,https://clips.twitch.tv/EndearingHelpfulKoalaVoteYea-OezPCcxJmyIyQPgD/edit,69,47.76,1.44,2022-03-04 03:57:02.372919
destiny,https://clips.twitch.tv/CredulousAgileOrangeKeyboardCat-FLtU6irZh8G1MUJI/edit,37,25.53,1.45,2022-03-04 03:58:22.272179
destiny,https://clips.twitch.tv/SilkyCredulousGarlicOSkomodo-cgeXANLbl5c-XNt9/edit,38,25.67,1.48,2022-03-04 03:59:01.103809
destiny,https://clips.twitch.tv/CautiousRoughLemurPoooound-g087nd3KIj4ypluo/edit,64,34.82,1.84,2022-03-04 03:59:21.907937
destiny,https://clips.twitch.tv/SquareQuaintPoxTBTacoLeft-UdefP5QJ5ZtCRw2l/edit,67,44.14,1.52,2022-03-04 03:59:56.911025
destiny,https://clips.twitch.tv/DepressedSmokySalsifyRitzMitz-XZsSgKiuiywurlqV/edit,125,72.63,1.72,2022-03-04 04:00:17.720500
destiny,https://clips.twitch.tv/MotionlessAggressiveBaboonFloof-zgee9axj94w6Tr8-/edit,61,43.53,1.4,2022-03-04 04:02:15.820669
destiny,https://clips.twitch.tv/WonderfulNiceButterOSkomodo-u_BNe420XMWUj4rE/edit,83,57.71,1.44,2022-03-04 04:02:52.610575
destiny,https://clips.twitch.tv/ComfortableFreezingOkapiVoteNay-PHMCPnFT7GK-LExY/edit,107,75.98,1.41,2022-03-04 04:04:01.652559
destiny,https://clips.twitch.tv/NurturingGiantStarSoonerLater-iPWlDTk_eNRr6ES2/edit,83,58.29,1.42,2022-03-04 04:05:06.550419
destiny,https://clips.twitch.tv/ColdbloodedPolishedAirGuitarWutFace-HTkGqoCoPkR6BDkC/edit,96,67.65,1.42,2022-03-04 04:06:09.413643
destiny,https://clips.twitch.tv/CrepuscularRepleteHumanLitty-z1uAaUtQstmdHGHz/edit,138,84.88,1.63,2022-03-04 04:06:30.191906
destiny,https://clips.twitch.tv/CalmTransparentHippoFunRun-JMZ6FkgqogLl6bNb/edit,47,30.86,1.52,2022-03-04 04:09:35.154772
destiny,https://clips.twitch.tv/IronicDeterminedButterWTRuck-Ro6eTtVtjEt11lRR/edit,52,36.35,1.43,2022-03-04 04:10:29.308426
destiny,https://clips.twitch.tv/TangibleJazzyPonyOhMyDog-K2LoHlLjk7KKitna/edit,55,37.33,1.47,2022-03-04 04:12:00.154962
destiny,https://clips.twitch.tv/SmoothBoredAyeayeBleedPurple-K2nr22u3kmBMSNXz/edit,102,71.57,1.43,2022-03-04 04:12:48.106635
destiny,https://clips.twitch.tv/RelatedShakingNuggetsJonCarnage-uxQgK0r5K3MzvdRA/edit,51,36.04,1.42,2022-03-04 04:13:53.288295
destiny,https://clips.twitch.tv/CooperativeDarkGrasshopperAMPEnergyCherry-DWMWItKzIFWpkVYz/edit,94,51.57,1.82,2022-03-04 04:14:14.259872
destiny,https://clips.twitch.tv/IronicBrainyCarabeefWOOP-eh0Nn6bSyOgqIoMU/edit,63,34.88,1.81,2022-03-04 04:15:26.338869
destiny,https://clips.twitch.tv/CreativeImpartialMooseOSkomodo-4MqEfFZuECROlg2B/edit,170,77.76,2.19,2022-03-04 04:15:47.091939
destiny,https://clips.twitch.tv/WittyMuddyEndiveUncleNox-oKpfo47oHZYzTdBa/edit,89,59.02,1.51,2022-03-04 04:20:30.145687
destiny,https://clips.twitch.tv/DifficultBumblingSardineAsianGlow-1CGwPGVAbhHrGzda/edit,69,48.92,1.41,2022-03-04 04:22:24.065095
destiny,https://clips.twitch.tv/ChillyColorfulNightingaleCoolStoryBob-avkcrvreh1161Uvc/edit,72,49.39,1.46,2022-03-04 04:24:51.189478
destiny,https://clips.twitch.tv/SolidCharmingBeanTF2John-lXn3KfaTwpU9Doas/edit,87,60.65,1.43,2022-03-04 04:25:23.014389
destiny,https://clips.twitch.tv/CoweringSingleApeArsonNoSexy-GfMVV40abKJVE3ue/edit,138,86.02,1.6,2022-03-04 04:25:43.906044
destiny,https://clips.twitch.tv/ObservantFrozenMonitorCoolStoryBob-Z9OoZpyQmlmyKIEh/edit,84,58.92,1.43,2022-03-04 04:28:42.919110
destiny,https://clips.twitch.tv/PricklyPlainEggnogDBstyle-j78jCYTzA34DtwXA/edit,124,87.51,1.42,2022-03-04 04:29:25.782997
destiny,https://clips.twitch.tv/AltruisticEphemeralCattleDeIlluminati-uoKthd0kJmf416Go/edit,87,61.59,1.41,2022-03-04 04:31:13.832876
destiny,https://clips.twitch.tv/SeductiveBovinePandaStrawBeary-3p5qtJprvrh6LQrK/edit,86,58.8,1.46,2022-03-04 04:32:48.769559
destiny,https://clips.twitch.tv/HumbleSplendidGooseDxAbomb-7OCxWYk0r9UI23Fd/edit,51,34.02,1.5,2022-03-04 04:35:05.858164
destiny,https://clips.twitch.tv/RelatedSillyPuddingHumbleLife-vYbXl0llAwVanHEK/edit,114,62.65,1.82,2022-03-04 04:35:26.865029
destiny,https://clips.twitch.tv/SpicyRelatedNewtPeoplesChamp-SYVcwsmb_45w1IdT/edit,123,83.1,1.48,2022-03-04 04:36:44.940187
destiny,https://clips.twitch.tv/FlaccidCutePieBudStar-MaC0Xrw0DXZeY5KJ/edit,114,80.57,1.41,2022-03-04 04:37:55.972104
destiny,https://clips.twitch.tv/JoyousAstuteMangetoutDatSheffy-52Nh26GzttUPk91Q/edit,85,57.69,1.47,2022-03-04 04:40:19.968673
destiny,https://clips.twitch.tv/PunchyCredulousYakinikuPeanutButterJellyTime-io-JkFH-hdEa0kji/edit,82,57.12,1.44,2022-03-04 04:44:01.134963
destiny,https://clips.twitch.tv/RoughBlightedLyrebirdMrDestructoid-CR-U-R_79y3z_IpL/edit,108,71.82,1.5,2022-03-04 04:44:21.916206
destiny,https://clips.twitch.tv/PreciousAbnegateOrangeSoBayed-xW30WhXYFgDIUcDu/edit,71,48.06,1.48,2022-03-04 04:46:22.907492
destiny,https://clips.twitch.tv/LazyMagnificentHerbsTheRinger-B5hTWibPIWpzxxsE/edit,53,36.59,1.45,2022-03-04 04:48:19.908515
destiny,https://clips.twitch.tv/HotCrunchyLyrebirdPoooound-3P3-7vU3yQAhLFmr/edit,47,31.51,1.49,2022-03-04 04:50:33.925263
destiny,https://clips.twitch.tv/RepletePreciousTildeDeIlluminati-jKSFvHIjSoJGZkMx/edit,81,57.2,1.42,2022-03-04 04:51:31.789526
destiny,https://clips.twitch.tv/AliveAmericanLemurSMOrc-sC8rb-hJeHUTnQkt/edit,70,45.29,1.55,2022-03-04 04:53:16.912925
destiny,https://clips.twitch.tv/ProductiveVenomousWebBibleThump-s22PWnlECXPdC3o3/edit,60,41.96,1.43,2022-03-04 04:56:15.880940
destiny,https://clips.twitch.tv/AbnegateEntertainingPuffinKappaRoss-Wvd4Y5XSBfUGXXbw/edit,57,38.49,1.48,2022-03-04 04:58:41.815688
destiny,https://clips.twitch.tv/BillowingBenevolentDragonflySpicyBoy-UeM5WFsaeZgM8nq3/edit,71,48.55,1.46,2022-03-04 04:59:02.724246
destiny,https://clips.twitch.tv/InexpensiveHelplessSalamanderNotLikeThis-vEoQb-3PkV0DST8r/edit,47,31.59,1.49,2022-03-04 05:00:18.622718
destiny,https://clips.twitch.tv/TenderPreciousCarabeefStoneLightning-3CnZYM33UbUXseZ-/edit,55,39.18,1.4,2022-03-04 05:01:56.569483
destiny,https://clips.twitch.tv/ArborealFriendlyGnatUnSane-eh_Nvt_S73eqAXHP/edit,69,49.0,1.41,2022-03-04 05:02:42.419174
destiny,https://clips.twitch.tv/CourageousDirtyWombatMrDestructoid-fV2ltYJJx-yZLV0m/edit,85,59.18,1.44,2022-03-04 05:03:03.339251
destiny,https://clips.twitch.tv/WildFrailDoveCoolCat-nH_UmTTwRMi62S-l/edit,48,33.94,1.41,2022-03-04 05:04:37.330338
destiny,https://clips.twitch.tv/SoftExquisiteWormDoggo-t68xagGyuwu4eINS/edit,87,55.92,1.56,2022-03-04 05:04:58.207104
destiny,https://clips.twitch.tv/AthleticRockyHumanKAPOW-k8sggldinZOG-js7/edit,54,37.82,1.43,2022-03-04 05:06:05.138631
destiny,https://clips.twitch.tv/SpineyShakingPigeonTwitchRaid-wWpjKXcC8zF79Xq6/edit,77,53.08,1.45,2022-03-04 05:06:26.007409
destiny,https://clips.twitch.tv/SmallPlayfulReubenHassaanChop-yjShyAfPYCaQMCmz/edit,66,46.59,1.42,2022-03-04 05:07:23.917265
destiny,https://clips.twitch.tv/StupidComfortableTildeGingerPower-6ByWNmdqzqE31HNz/edit,94,63.04,1.49,2022-03-04 05:07:44.771738
destiny,https://clips.twitch.tv/GrossPhilanthropicChoughWTRuck-ycET5PFFpwJDjhTF/edit,35,24.84,1.41,2022-03-04 05:09:29.683382
destiny,https://clips.twitch.tv/WanderingFragileLEDHassaanChop-osQAz9M8AA66RQVx/edit,46,30.86,1.49,2022-03-04 05:10:35.524346
destiny,https://clips.twitch.tv/DeliciousLovelyEggStinkyCheese-G2aWv34loqBub1eE/edit,76,51.61,1.47,2022-03-04 05:10:56.545706
destiny,https://clips.twitch.tv/OilyRichFriesSoonerLater-9F02r0NW3NByVYO7/edit,34,23.27,1.46,2022-03-04 05:14:33.785201
destiny,https://clips.twitch.tv/PluckyDeterminedManateeOSfrog-bfAVVQ-yp4i5i-uc/edit,47,30.98,1.52,2022-03-04 05:15:54.699009
destiny,https://clips.twitch.tv/RepleteBraveGarageOSsloth-I4WPsyFZcG-CHnZh/edit,72,50.86,1.42,2022-03-04 05:16:46.583989
destiny,https://clips.twitch.tv/FamousFuriousDiscDoubleRainbow-hwquxEnc0JPWRo1T/edit,54,38.53,1.4,2022-03-04 05:17:56.671819
destiny,https://clips.twitch.tv/TubularMuddyElkHassaanChop-OG3uvdE71gok5gT5/edit,46,31.41,1.46,2022-03-04 05:18:59.012044
destiny,https://clips.twitch.tv/FilthyFrigidChickpeaHumbleLife-qp29Q3U00mXhF9_i/edit,63,38.92,1.62,2022-03-04 05:22:39.817410
destiny,https://clips.twitch.tv/ObliqueSuccessfulGiraffeHassaanChop-Nq9n_eHiMbzfXr3E/edit,59,40.51,1.46,2022-03-04 05:24:59.956396
destiny,https://clips.twitch.tv/TangibleTangibleMosquitoKeepo-9ISY-oM67er7UU_V/edit,84,57.02,1.47,2022-03-04 05:25:39.702848
destiny,https://clips.twitch.tv/CogentArtsyWatermelonNerfBlueBlaster-9njyuAL6DNzQ_JxD/edit,100,68.16,1.47,2022-03-04 05:26:41.697920
destiny,https://clips.twitch.tv/ConcernedSullenBorkKlappa-NwnsnZt6ySfrpvv6/edit,92,60.88,1.51,2022-03-04 05:27:51.579503
destiny,https://clips.twitch.tv/HeadstrongHonorableGarlicThunBeast-YT4iluwaO3oYr3-O/edit,96,66.69,1.44,2022-03-04 05:29:46.331727
destiny,https://clips.twitch.tv/ColdbloodedAbrasiveTapirTBTacoRight-WDhNf5wXBzY8dJmk/edit,48,32.59,1.47,2022-03-04 05:33:00.086235
destiny,https://clips.twitch.tv/IronicAcceptableSwallowPeteZarollTie-BnomQUGaXK_Gdk_P/edit,61,41.06,1.49,2022-03-04 05:34:39.626918
destiny,https://clips.twitch.tv/NaiveAmazonianBeefKeyboardCat-qo1mPUUG_FEimy51/edit,53,36.29,1.46,2022-03-04 05:35:44.854843
destiny,https://clips.twitch.tv/HorribleArtisticBisonAMPEnergyCherry-NAo_SQSqpJfSyPMi/edit,53,35.49,1.49,2022-03-04 05:37:06.282927
destiny,https://clips.twitch.tv/FunnyRoughChowderUWot-RuCFylSXhIFbnrId/edit,40,27.94,1.43,2022-03-04 05:41:06.722836
destiny,https://clips.twitch.tv/PrettyAuspiciousSardineVoteYea-vWQ70kJttPCenQeh/edit,67,43.0,1.56,2022-03-04 05:41:28.641993
destiny,https://clips.twitch.tv/DependableAssiduousEndiveTakeNRG-Ha-U88YwnR7mxQ7e/edit,69,45.1,1.53,2022-03-04 05:43:31.109378
destiny,https://clips.twitch.tv/DeadSolidBillBudBlast-UaM71ixqMSjvlt3g/edit,47,32.86,1.43,2022-03-04 05:44:50.205726
destiny,https://clips.twitch.tv/GentleZealousDillFloof--UrAXmXwpy52MBXA/edit,62,39.39,1.57,2022-03-04 05:46:02.427605
destiny,https://clips.twitch.tv/PlumpSullenMouseNomNom-sDcvSx8MsjTCqi1i/edit,30,20.96,1.43,2022-03-04 05:48:58.164778
destiny,https://clips.twitch.tv/ShortAdventurousNuggetsPraiseIt-hkFv86ca49Hq5M1-/edit,54,38.41,1.41,2022-03-04 05:51:14.596714
destiny,https://clips.twitch.tv/AssiduousFitCodTheThing-3rHGIdgas0lovQZe/edit,29,18.71,1.55,2022-03-04 05:53:12.663905
destiny,https://clips.twitch.tv/AlertPoisedJackalLitty-RR2x40mY4e4eo03n/edit,30,20.67,1.45,2022-03-04 05:54:03.937994
destiny,https://clips.twitch.tv/PeppyHedonisticBeefMoreCowbell-9r3okGZL6Ta5BkOQ/edit,38,26.43,1.44,2022-03-04 05:55:32.218204
destiny,https://clips.twitch.tv/AmorphousObservantMosquitoMikeHogu-JwqIcpNQzsWWknkd/edit,59,36.12,1.63,2022-03-04 05:56:07.750281
destiny,https://clips.twitch.tv/CreativeDeliciousBoarPMSTwin-HF-H9rrQpIx2lH8_/edit,35,24.73,1.42,2022-03-04 05:59:09.602579
destiny,https://clips.twitch.tv/GentleWittySquidEagleEye-CITUFczPcw1Efb_I/edit,23,16.33,1.41,2022-03-04 06:00:50.033814
destiny,https://clips.twitch.tv/CarefulBusyAsparagusAsianGlow-SlfAwHOM-2RtuDX7/edit,35,24.78,1.41,2022-03-04 06:02:36.291273
destiny,https://clips.twitch.tv/ArtsyBrightNikudonChefFrank-W7nS5HTUJmkYVSSe/edit,26,18.0,1.44,2022-03-04 06:03:54.601661
destiny,https://clips.twitch.tv/PlayfulNiceOstrichRickroll-uuseHm_mLWrUFUjX/edit,43,29.98,1.43,2022-03-04 06:07:21.758105
destiny,https://clips.twitch.tv/SpineyHelpfulMouseSmoocherZ-6iPSIatO0-eB_lmX/edit,69,48.96,1.41,2022-03-04 06:08:53.410872
jonzherka,https://clips.twitch.tv/ZanyDistinctMartenImGlitch-9qtwLNUnse-FxGQP/edit,6,4.1,1.46,2022-03-04 06:39:06.976561
jonzherka,https://clips.twitch.tv/BelovedHorribleKoupreyFrankerZ-lQtQcZNnmpEYXfUF/edit,7,4.55,1.54,2022-03-04 06:39:35.968151
jonzherka,https://clips.twitch.tv/SmilingIntelligentCoffeeDeIlluminati-_Ef7IpQiuN5u00CW/edit,10,7.02,1.42,2022-03-04 06:40:17.968028
jonzherka,https://clips.twitch.tv/HelplessBumblingCoyoteNononoCat-NzclQYjfxere2Jw_/edit,12,7.08,1.69,2022-03-04 06:40:40.826192
jonzherka,https://clips.twitch.tv/BillowingPrettyCroissantRedCoat-1g_jJQEHeRzmknwJ/edit,21,13.82,1.52,2022-03-04 06:41:01.780969
jonzherka,https://clips.twitch.tv/ObservantVictoriousAirGuitarSSSsss-9RPj-7gSVqoPcoMK/edit,11,7.29,1.51,2022-03-04 06:42:05.639252
jonzherka,https://clips.twitch.tv/SleepyPoliteButterAMPEnergy-5Okhn5AI0dYYbNQx/edit,17,11.02,1.54,2022-03-04 06:42:31.470323
jonzherka,https://clips.twitch.tv/OutstandingAthleticHornetDatSheffy-fnTsWEGW4lLQBdSU/edit,21,14.31,1.47,2022-03-04 06:44:06.358268
jonzherka,https://clips.twitch.tv/ZanyFreezingMomTBCheesePull-fpEYkSvesDOFm5iz/edit,16,10.84,1.48,2022-03-04 06:45:14.267865
jonzherka,https://clips.twitch.tv/ObeseEncouragingJackalCharlietheUnicorn-cTmxz3VOVmU54Bfv/edit,23,16.08,1.43,2022-03-04 06:45:48.336663
jonzherka,https://clips.twitch.tv/MagnificentDeterminedGarageYouDontSay-DKiJk8Xo4USEc96W/edit,15,10.1,1.48,2022-03-04 06:47:32.404331
jonzherka,https://clips.twitch.tv/BlueProudMeerkatJKanStyle-IEsSJmWZqUx3o4qR/edit,12,8.1,1.48,2022-03-04 06:48:59.348240
jonzherka,https://clips.twitch.tv/BitterObesePresidentBudStar-yWILfHK2l0lTWAZK/edit,15,9.84,1.52,2022-03-04 06:49:52.280612
jonzherka,https://clips.twitch.tv/ManlyWrongAppleBrainSlug-1r4XwbrMtcX5QbxH/edit,16,11.04,1.45,2022-03-04 06:51:18.145388
jonzherka,https://clips.twitch.tv/VibrantHelpfulRadishM4xHeh-uPdOTyKJL6vZsfxj/edit,24,15.55,1.54,2022-03-04 06:51:39.212307
jonzherka,https://clips.twitch.tv/SpicyProductiveSharkPrimeMe-32FBYZhdivd0879j/edit,10,7.02,1.42,2022-03-04 06:53:54.144532
jonzherka,https://clips.twitch.tv/AuspiciousBovineMoonShadyLulu-mqYJUkU_-AofWBeC/edit,33,11.76,2.81,2022-03-04 06:54:14.937048
jonzherka,https://clips.twitch.tv/TawdryCredulousBaguetteRitzMitz-0aGAMVyM62c5sGg5/edit,63,31.14,2.02,2022-03-04 06:54:36.034212
jonzherka,https://clips.twitch.tv/LongBlindingWerewolfPastaThat-EoVZOCItH5ueRhIn/edit,20,12.22,1.64,2022-03-04 06:58:29.046837
jonzherka,https://clips.twitch.tv/AmericanIgnorantTitanHassaanChop-4cw4KH5uFNWTeXjb/edit,25,17.76,1.41,2022-03-04 06:58:59.138625
jonzherka,https://clips.twitch.tv/OptimisticInspiringOcelotTBCheesePull-yF1wZ98ECqiYcr2Y/edit,20,12.98,1.54,2022-03-04 07:01:23.708299
jonzherka,https://clips.twitch.tv/MoistCorrectJayGivePLZ-3KGEumobIwObR_44/edit,45,21.43,2.1,2022-03-04 07:01:44.697131
jonzherka,https://clips.twitch.tv/TubularRudeGoatEleGiggle-aSgrDwAlvnhqcs6P/edit,15,9.61,1.56,2022-03-04 07:03:00.751441
jonzherka,https://clips.twitch.tv/CleverUglyGoatThunBeast-ahgpzgbQ6B6weBMX/edit,13,7.94,1.64,2022-03-04 07:04:04.671858
jonzherka,https://clips.twitch.tv/CallousPlausibleHamsterThisIsSparta-hF1_91-MrRwMhAkH/edit,22,15.53,1.42,2022-03-04 07:04:25.442479
jonzherka,https://clips.twitch.tv/ScrumptiousLittleHareCclamChamp-TmvI-KOIScHEp1u6/edit,10,7.06,1.42,2022-03-04 07:06:05.301900
jonzherka,https://clips.twitch.tv/CoweringComfortableSandpiperBIRB-RiMo4rax0scVPYNR/edit,29,13.31,2.18,2022-03-04 07:06:26.195450
jonzherka,https://clips.twitch.tv/VainCrackyMushroomVoteYea-ZfiBAdPznIe0t_hK/edit,12,8.08,1.48,2022-03-04 07:07:56.145445
jonzherka,https://clips.twitch.tv/BashfulCrowdedRaisinKlappa-1mfPHjroQNRRY1wf/edit,12,8.08,1.48,2022-03-04 07:08:17.971344
jonzherka,https://clips.twitch.tv/EvilRelentlessKuduPoooound-7ZzkWI_bve37yA3j/edit,15,9.82,1.53,2022-03-04 07:08:54.759942
jonzherka,https://clips.twitch.tv/GlamorousInnocentNewtStoneLightning-GD_Ux_3BnNSOlHjY/edit,22,11.76,1.87,2022-03-04 07:09:15.574639
jonzherka,https://clips.twitch.tv/SparklyTentativeOtterPrimeMe-ahrJZ4O7irprKVCb/edit,31,20.9,1.48,2022-03-04 07:09:48.525072
jonzherka,https://clips.twitch.tv/GracefulObservantWolfPartyTime-GPb15rDNv6txQ3ga/edit,39,27.41,1.42,2022-03-04 07:12:10.478979
jonzherka,https://clips.twitch.tv/AdventurousCalmArtichokeKappaPride-vC5YTB6wfh6v8JFr/edit,26,18.35,1.42,2022-03-04 07:14:05.378794
jonzherka,https://clips.twitch.tv/LivelyYummyNigiriFutureMan-qyH8DwqW2iT74lzB/edit,28,19.82,1.41,2022-03-04 07:14:33.301222
jonzherka,https://clips.twitch.tv/BitterSullenDoveFloof-ojEknKqZ0Q4dGGMH/edit,18,12.71,1.42,2022-03-04 07:15:36.476294
jonzherka,https://clips.twitch.tv/SpikyManlyClipzAllenHuhu-Ji4SolbbXoxdGADb/edit,24,15.92,1.51,2022-03-04 07:16:20.610139
jonzherka,https://clips.twitch.tv/AbrasiveOutstandingHumanArgieB8-sRwFnwYFk6I7-E4T/edit,11,6.04,1.82,2022-03-04 07:19:04.606334
jonzherka,https://clips.twitch.tv/AmazingPiercingPandaKAPOW-vhUQ4OCFgKwfoYkF/edit,11,7.67,1.43,2022-03-04 07:19:36.403408
jonzherka,https://clips.twitch.tv/HeadstrongAltruisticEmuRedCoat-G8_VIuon9lHFZUxY/edit,17,11.71,1.45,2022-03-04 07:20:07.553182
jonzherka,https://clips.twitch.tv/DepressedHotClipzCopyThis-3Pr8Apvh4F3AfMgH/edit,16,11.41,1.4,2022-03-04 07:21:10.397961
jonzherka,https://clips.twitch.tv/BashfulSplendidPeanutEleGiggle-jUwzxPSQcNOQd9J3/edit,29,19.39,1.5,2022-03-04 07:21:31.256585
jonzherka,https://clips.twitch.tv/SingleShortTruffleDoubleRainbow-FRTdHYpd4q_5PpNC/edit,16,11.27,1.42,2022-03-04 07:23:32.461278
jonzherka,https://clips.twitch.tv/AmericanLightSashimiBloodTrail-BocOaXX5AQydRQ50/edit,38,19.88,1.91,2022-03-04 07:23:53.552873
jonzherka,https://clips.twitch.tv/BreakableSourFlamingoMcaT-oEHncMSgPZ06pM4q/edit,24,16.14,1.49,2022-03-04 07:24:57.613686
jonzherka,https://clips.twitch.tv/RespectfulCoweringWoodpeckerHeyGuys-ZB5g1cA_ly8OoMyZ/edit,21,12.9,1.63,2022-03-04 07:27:20.613070
jonzherka,https://clips.twitch.tv/SpikyVictoriousCurryYouWHY-GDMa0cGU5zEp_o1B/edit,17,11.67,1.46,2022-03-04 07:29:28.715290
jonzherka,https://clips.twitch.tv/ViscousCrowdedIguanaCoolStoryBob-2rG6s4gcJ17wpVz-/edit,21,14.59,1.44,2022-03-04 07:30:15.000853
jonzherka,https://clips.twitch.tv/SpikyTsundereSnoodVoteNay-z9frLg22Cwt5r1zR/edit,11,7.2,1.53,2022-03-04 07:33:14.958641
jonzherka,https://clips.twitch.tv/ClumsyAnimatedOkapiDatBoi-yLSR1FiF6D47LEP_/edit,19,8.63,2.2,2022-03-04 07:33:35.912825
jonzherka,https://clips.twitch.tv/RelatedPlayfulBatItsBoshyTime-BMTEFNxrbUBgYLGE/edit,32,21.06,1.52,2022-03-04 07:33:56.804415
jonzherka,https://clips.twitch.tv/LightAffluentMouseTTours-6e45-75JsJ2ndfub/edit,21,14.92,1.41,2022-03-04 07:36:38.941477
jonzherka,https://clips.twitch.tv/CoyFunnyCheeseCurseLit-wCU8S8e4kdA6d6Qk/edit,22,15.06,1.46,2022-03-04 07:37:06.059722
jonzherka,https://clips.twitch.tv/BillowingCooperativeOstrichOptimizePrime-8wL8v6KegxSlfzp9/edit,26,16.86,1.54,2022-03-04 07:37:50.150641
jonzherka,https://clips.twitch.tv/JoyousAbrasiveAxeCoolStoryBro-Tq_lxH7YQr4RGvk2/edit,15,10.37,1.45,2022-03-04 07:39:07.030750
jonzherka,https://clips.twitch.tv/CoyNicePigBabyRage-3Xr88BuEUJVfq1-B/edit,15,10.0,1.5,2022-03-04 07:39:44.962905
jonzherka,https://clips.twitch.tv/AmazonianMoldyFrogDeIlluminati-YMf8NACHgZI0AlIS/edit,24,13.92,1.72,2022-03-04 07:40:05.766834
jonzherka,https://clips.twitch.tv/LovelyRoughLatteCclamChamp-xIp_Gq5EoLEXC-0T/edit,16,10.57,1.51,2022-03-04 07:41:56.137844
jonzherka,https://clips.twitch.tv/HumbleShyDotterelBCWarrior-ZNX4IGDY24tFaYK8/edit,16,10.92,1.47,2022-03-04 07:42:57.286681
jonzherka,https://clips.twitch.tv/ComfortableDistinctSalmonBuddhaBar-bH5TnksN5_TRQO-p/edit,20,13.45,1.49,2022-03-04 07:44:43.274586
jonzherka,https://clips.twitch.tv/ShinySarcasticCheddarAMPEnergy-aj7rTF7GxvZqGZpd/edit,24,16.0,1.5,2022-03-04 07:46:25.229541
jonzherka,https://clips.twitch.tv/UnsightlyConsiderateGiraffeBrainSlug-SYBgfjrpCe_imDC3/edit,34,22.43,1.52,2022-03-04 07:46:54.107679
jonzherka,https://clips.twitch.tv/KindExpensiveLionSoonerLater-RJ1I7mt93zVitN5Y/edit,15,10.53,1.42,2022-03-04 07:48:08.366191
jonzherka,https://clips.twitch.tv/AffluentTenuousChipmunkFunRun-wTtRvInxwIAeTFOg/edit,17,11.9,1.43,2022-03-04 07:50:18.497282
jonzherka,https://clips.twitch.tv/IntelligentAmusedJamMVGame-U4UeAJoHqr0r8kM4/edit,45,23.45,1.92,2022-03-04 07:50:39.459649
jonzherka,https://clips.twitch.tv/DrabRudeBasenjiKappaPride-to8YWPe77qt_sjHx/edit,31,21.53,1.44,2022-03-04 07:51:44.370111
jonzherka,https://clips.twitch.tv/BreakableZanyPheasantNotLikeThis-F_QMGKW3dXtLd4aC/edit,17,11.96,1.42,2022-03-04 07:53:22.600501
jonzherka,https://clips.twitch.tv/TransparentSplendidAntelopeFailFish-_ToSXkI0jU9CVavg/edit,10,6.69,1.49,2022-03-04 07:54:40.712100
jonzherka,https://clips.twitch.tv/SmellyFlirtyStarDerp-K90zpVvI71kjY-WF/edit,17,8.41,2.02,2022-03-04 07:55:04.627461
jonzherka,https://clips.twitch.tv/WonderfulEnthusiasticChickenSwiftRage-rUECMfEu5Z_Tq7pj/edit,23,16.18,1.42,2022-03-04 07:57:47.753254
jonzherka,https://clips.twitch.tv/BlazingSoftNigiriPJSugar-S28uO-O1TGcN-nr7/edit,29,20.57,1.41,2022-03-04 07:59:05.985426
jonzherka,https://clips.twitch.tv/FitMagnificentBananaWTRuck-iy9uXqzW_YxoXkki/edit,39,26.51,1.47,2022-03-04 07:59:27.626956
jonzherka,https://clips.twitch.tv/ObservantCloudyWhaleFailFish-DpbWgE_0-idtEK-s/edit,15,10.27,1.46,2022-03-04 08:01:38.775109
jonzherka,https://clips.twitch.tv/TolerantPhilanthropicPangolinAMPEnergyCherry-20DR9GXflKdCZi4f/edit,40,20.67,1.93,2022-03-04 08:01:59.595256
jonzherka,https://clips.twitch.tv/MuddyTalentedLapwingRuleFive-3UXRM4oqS4_37jrX/edit,33,22.22,1.48,2022-03-04 08:02:56.699584
jonzherka,https://clips.twitch.tv/BashfulDirtyCasetteTebowing-Azxk59o4hTyhrVra/edit,12,8.22,1.46,2022-03-04 08:05:52.726833
jonzherka,https://clips.twitch.tv/BlueBravePidgeonRlyTho-7_-Nu64vbNMIi3qr/edit,16,9.73,1.64,2022-03-04 08:06:13.702738
jonzherka,https://clips.twitch.tv/TawdryResilientDumplingsSMOrc-CMkFPDERXORq8vjl/edit,14,9.76,1.44,2022-03-04 08:08:06.613177
jonzherka,https://clips.twitch.tv/KathishHelpfulClintNononoCat-NCxYsBgzc6HewpAd/edit,27,14.29,1.89,2022-03-04 08:08:27.516930
jonzherka,https://clips.twitch.tv/AntediluvianEnticingCroissantOSsloth-6WrYeZ8JAXImR2GM/edit,35,23.37,1.5,2022-03-04 08:08:49.494855
jonzherka,https://clips.twitch.tv/TransparentCrispyClintChefFrank-_VtHvrcsw3mCAKFB/edit,14,8.96,1.56,2022-03-04 08:10:59.623983
jonzherka,https://clips.twitch.tv/ExcitedGoodKoalaANELE-B5HBQ2dvvRl47bkX/edit,27,14.35,1.88,2022-03-04 08:11:20.488320
jonzherka,https://clips.twitch.tv/CrepuscularSmellyMochaTF2John-uZiIfTUiexjsai4x/edit,27,19.14,1.41,2022-03-04 08:13:04.453773
jonzherka,https://clips.twitch.tv/BlushingWrongPidgeonEleGiggle-OcFkopMid_yMaXDs/edit,18,12.08,1.49,2022-03-04 08:15:00.420895
jonzherka,https://clips.twitch.tv/PowerfulJollyAxePartyTime-Q_ERwfeeeIgFIkiq/edit,24,16.78,1.43,2022-03-04 08:15:21.435226
jonzherka,https://clips.twitch.tv/ResourcefulFaintFlamingoOSkomodo-Fk4Yi3_67fPcXGhJ/edit,27,18.8,1.44,2022-03-04 08:17:22.397056
jonzherka,https://clips.twitch.tv/ConcernedChillyWallabyDxAbomb-h68j804s43b-uWJP/edit,26,16.27,1.6,2022-03-04 08:18:20.265060
jonzherka,https://clips.twitch.tv/SullenExquisiteBatOSsloth-jtB-LrqDRV-RGS0s/edit,27,18.8,1.44,2022-03-04 08:19:21.179651
jonzherka,https://clips.twitch.tv/CourteousRudeDunlinRitzMitz-f0TPBJHrQRHuKdjE/edit,20,13.0,1.54,2022-03-04 08:20:34.201873
jonzherka,https://clips.twitch.tv/SuspiciousPopularShrewMcaT-AhTmVNCH1csaBZNv/edit,18,9.57,1.88,2022-03-04 08:22:50.259227
jonzherka,https://clips.twitch.tv/CleverMotionlessKoupreyOhMyDog-YXdoyg2hClSNYpjt/edit,83,34.24,2.42,2022-03-04 08:23:11.205904
jonzherka,https://clips.twitch.tv/PoliteOddLampOMGScoots-BHC6uvRAW2ZlreJp/edit,20,13.49,1.48,2022-03-04 08:24:53.107718
jonzherka,https://clips.twitch.tv/SpotlessArborealPlumPeteZaroll-zogdNephyg8vV-gb/edit,23,16.43,1.4,2022-03-04 08:25:19.079665
jonzherka,https://clips.twitch.tv/CooperativeAthleticElkKeyboardCat-G9n0C-8ePYGpJq_k/edit,15,10.65,1.41,2022-03-04 08:26:40.222372
jonzherka,https://clips.twitch.tv/CautiousSeductiveKimchiChefFrank-H2WYEfk4VlkABPFp/edit,13,8.39,1.55,2022-03-04 08:27:35.131664
jonzherka,https://clips.twitch.tv/BoredConsiderateNostrilKappaRoss-isgEQ2Npu_8CAzkT/edit,28,18.2,1.54,2022-03-04 08:27:56.266913
jonzherka,https://clips.twitch.tv/BumblingCleanIcecreamCharlietheUnicorn-ps-fU772xAbDnguS/edit,13,8.39,1.55,2022-03-04 08:29:44.402532
jonzherka,https://clips.twitch.tv/ProudKawaiiBarracudaAliens-Lu4eEyshGSrJ7cvg/edit,15,9.67,1.55,2022-03-04 08:30:06.370157
jonzherka,https://clips.twitch.tv/CuteDignifiedSardineRalpherZ-mmqh6At9waw31R8C/edit,11,7.84,1.4,2022-03-04 08:32:43.402503
jonzherka,https://clips.twitch.tv/ExpensiveNastyMochaHassaanChop-HmD-Mc1lbP0v8qA3/edit,9,5.96,1.51,2022-03-04 08:34:09.481212
jonzherka,https://clips.twitch.tv/ObservantTrustworthyOxSaltBae-idnxUTOwYicDtzKS/edit,12,8.0,1.5,2022-03-04 08:34:30.305161
jonzherka,https://clips.twitch.tv/GorgeousObedientMangoMingLee-Ba2qnG3iOFINMv9f/edit,18,11.51,1.56,2022-03-04 08:34:51.199110
jonzherka,https://clips.twitch.tv/AbstruseFastFloofKlappa-X15bh-TPU4eVMm4F/edit,19,13.12,1.45,2022-03-04 08:36:10.060746
jonzherka,https://clips.twitch.tv/ColdbloodedTardyMarrowOSkomodo-TkSDYmR5VXRAkwcu/edit,18,12.71,1.42,2022-03-04 08:37:05.884587
jonzherka,https://clips.twitch.tv/DeadClumsyCookieBigBrother-mHBXZ47j61WBtE1s/edit,12,8.04,1.49,2022-03-04 08:38:18.732716
jonzherka,https://clips.twitch.tv/CalmCalmVelociraptorPeoplesChamp-9TDk7dv8GmU9Jwc3/edit,17,11.12,1.53,2022-03-04 08:38:50.516635
jonzherka,https://clips.twitch.tv/SavorySpicyTildeSuperVinlin-Dansyxf3K9YRDV99/edit,20,12.0,1.67,2022-03-04 08:40:04.405113
jonzherka,https://clips.twitch.tv/CuteThankfulMarrowHoneyBadger-0i3T9oK88AO0qxle/edit,17,10.61,1.6,2022-03-04 08:41:07.275715
jonzherka,https://clips.twitch.tv/ExuberantFancyMomDoggo-G_OzWLVL36WAiX4Z/edit,15,10.71,1.4,2022-03-04 08:41:38.198834
jonzherka,https://clips.twitch.tv/VastSlipperyHabaneroCopyThis-sdjjiPQAyDabcF5c/edit,21,14.37,1.46,2022-03-04 08:42:09.089162
jonzherka,https://clips.twitch.tv/SourPunchyChimpanzeeSpicyBoy-ksewI9ej22XFPy14/edit,13,9.08,1.43,2022-03-04 08:43:17.115421
jonzherka,https://clips.twitch.tv/SpineyEnchantingGarbageCorgiDerp-YMwDLuZvelQg2iyk/edit,22,15.18,1.45,2022-03-04 08:44:20.933864
jonzherka,https://clips.twitch.tv/BlueIgnorantTroutDoritosChip-ceZ56olGmz6tHlrw/edit,13,8.86,1.47,2022-03-04 08:45:51.811012
jonzherka,https://clips.twitch.tv/ColdbloodedPleasantVelociraptorChefFrank-A3jDuXpcbKu4b01g/edit,19,13.37,1.42,2022-03-04 08:46:12.600665
jonzherka,https://clips.twitch.tv/AltruisticSquareKuduPogChamp-y_69HqrA35NyDINS/edit,19,12.61,1.51,2022-03-04 08:47:19.575328
jonzherka,https://clips.twitch.tv/EvilSpookySnailBleedPurple-NVUiqPHsbl81UtYZ/edit,16,11.29,1.42,2022-03-04 08:48:49.720131
jonzherka,https://clips.twitch.tv/StupidProtectiveCucumberPrimeMe-BrCKlg_FWKutwXHt/edit,13,9.18,1.42,2022-03-04 08:49:44.617131
jonzherka,https://clips.twitch.tv/AmericanFrigidJellyfishTinyFace-UvyyI5tLnF_kwIVq/edit,19,13.04,1.46,2022-03-04 08:50:58.655887
jonzherka,https://clips.twitch.tv/FrigidAgreeableMooseDogFace-MoBIDNgutb-cJKA1/edit,12,8.2,1.46,2022-03-04 08:52:21.623100
jonzherka,https://clips.twitch.tv/RealFuriousPieOSkomodo-mw_EjFcrVaC7_wU3/edit,12,8.45,1.42,2022-03-04 08:53:04.622647
jonzherka,https://clips.twitch.tv/AmusedRefinedBulgogiSeemsGood-PoSNifZT-LtHTUF_/edit,13,8.61,1.51,2022-03-04 08:54:05.767482
jonzherka,https://clips.twitch.tv/ChillyBoxyDogCclamChamp-ZSrkngPlaHtM2mMu/edit,18,11.69,1.54,2022-03-04 08:54:26.756432
jonzherka,https://clips.twitch.tv/PolishedBreakableKangarooRaccAttack-ZbXh2QpvlsV4mR38/edit,19,13.31,1.43,2022-03-04 08:56:14.697647
jonzherka,https://clips.twitch.tv/BrightPrettiestSangPoooound-BEMjou_RVoGwIavo/edit,20,13.08,1.53,2022-03-04 08:58:03.744290
jonzherka,https://clips.twitch.tv/TubularPolishedClipsdadMrDestructoid-8qr6V1NNRG3hbVKq/edit,33,21.35,1.55,2022-03-04 08:58:24.633664
jonzherka,https://clips.twitch.tv/UnusualGoldenFlySMOrc-Gn6jUvw8wUMCs7px/edit,11,7.61,1.45,2022-03-04 09:00:23.630245
jonzherka,https://clips.twitch.tv/ObedientBlueTitanHassanChop-nBQHJ3oaC7bTaADc/edit,20,12.98,1.54,2022-03-04 09:01:21.475381
jonzherka,https://clips.twitch.tv/CrypticPunchyFiddleheadsSoonerLater-vGSiBLRA0kA-YOt_/edit,13,8.65,1.5,2022-03-04 09:02:27.498018
jonzherka,https://clips.twitch.tv/SuperRockyPresidentTTours-7Y1D8oXomCIpZ1ou/edit,19,13.1,1.45,2022-03-04 09:03:42.537041
jonzherka,https://clips.twitch.tv/ConsiderateTemperedOrcaRiPepperonis-TTBBmyZq4Ev-M3mG/edit,23,16.43,1.4,2022-03-04 09:05:06.721160
jonzherka,https://clips.twitch.tv/PrettyTawdryStarBlargNaut-9jwEOvLfiC5gyDFI/edit,9,6.27,1.44,2022-03-04 09:08:10.775841
jonzherka,https://clips.twitch.tv/ShakingOilyTitanCoolStoryBob-pqP-6PM9zLjAR02U/edit,10,5.39,1.86,2022-03-04 09:09:04.772833
jonzherka,https://clips.twitch.tv/FrigidTallKaleDeIlluminati-cXvpvCundQn9o2Gr/edit,17,10.67,1.59,2022-03-04 09:09:25.883787
jonzherka,https://clips.twitch.tv/ObliviousKindAlpacaDerp-Zzna9ZJ7Jyv1LgWV/edit,11,7.59,1.45,2022-03-04 09:11:17.950592
jonzherka,https://clips.twitch.tv/TrappedPeacefulQueleaGingerPower-agRDnCPVEkAGTkGc/edit,10,6.9,1.45,2022-03-04 09:12:13.980168
jonzherka,https://clips.twitch.tv/DullFlaccidPorpoisePeoplesChamp-gxGWpxiDIqjV1SGh/edit,12,8.12,1.48,2022-03-04 09:12:34.789492
jonzherka,https://clips.twitch.tv/AnnoyingDoubtfulConsoleDogFace-sissAlEwGux9NnrX/edit,13,8.12,1.6,2022-03-04 09:14:14.686764
jonzherka,https://clips.twitch.tv/VastEnthusiasticSharkDancingBaby-IcrlGW7z3NE31Jms/edit,18,12.18,1.48,2022-03-04 09:14:42.750249
jonzherka,https://clips.twitch.tv/ArbitraryLovelyBaguetteCoolStoryBob-z766CcKl9uMikube/edit,26,18.35,1.42,2022-03-04 09:15:03.965017
jonzherka,https://clips.twitch.tv/FrozenBigSpindleOSkomodo-dUqY3tyTaAIei9rb/edit,25,14.16,1.77,2022-03-04 09:17:05.893176
jonzherka,https://clips.twitch.tv/SincereBadDadOSfrog-Q3KwURkJKahd2-H8/edit,21,13.88,1.51,2022-03-04 09:18:43.070707
jonzherka,https://clips.twitch.tv/ExuberantAnnoyingWasabiOSsloth-KzfKQcB2jTp0q62s/edit,39,25.16,1.55,2022-03-04 09:19:03.886288
jonzherka,https://clips.twitch.tv/CoweringSpotlessMonitorCmonBruh-vAGq1uBMr7GON-Oh/edit,17,11.59,1.47,2022-03-04 09:20:58.090720
jonzherka,https://clips.twitch.tv/CourageousBigGorillaOptimizePrime-GWByjBS6RbBg6BAd/edit,15,10.27,1.46,2022-03-04 09:22:53.249865
jonzherka,https://clips.twitch.tv/ClearSullenYakinikuBudBlast-G3piVYNKb6KDh81j/edit,25,13.76,1.82,2022-03-04 09:23:14.212415
jonzherka,https://clips.twitch.tv/TolerantIgnorantEyeballSMOrc-swfi6o3BUo_8CyFJ/edit,24,16.8,1.43,2022-03-04 09:24:21.371638
jonzherka,https://clips.twitch.tv/AlluringAnimatedWatercressDogFace-u59RKJ5FsvRO87oL/edit,13,8.94,1.45,2022-03-04 09:27:38.458995
jonzherka,https://clips.twitch.tv/CrypticSpikyTortoisePJSugar-ujYbPTwhO1KKeIvj/edit,15,9.96,1.51,2022-03-04 09:27:59.571069
jonzherka,https://clips.twitch.tv/MagnificentFrailCheeseStrawBeary-UHrrEGBt906ZE1pD/edit,16,10.76,1.49,2022-03-04 09:29:08.470728
jonzherka,https://clips.twitch.tv/GentleImpartialFiddleheadsTheThing-ftdRE9fZkH9DvH4A/edit,10,6.84,1.46,2022-03-04 09:30:20.562457
jonzherka,https://clips.twitch.tv/WealthyDoubtfulFalconBrainSlug-nSfgdezgH_RWJ54_/edit,17,9.2,1.85,2022-03-04 09:30:41.412398
jonzherka,https://clips.twitch.tv/ConfidentEndearingDinosaurPRChase-k9pSLgFGcRNBz6eA/edit,11,7.8,1.41,2022-03-04 09:31:59.584538
jonzherka,https://clips.twitch.tv/EagerInterestingWhalePMSTwin-FIR0opzu9jtpDuvD/edit,17,11.63,1.46,2022-03-04 09:32:36.448310
jonzherka,https://clips.twitch.tv/ExquisiteAlertToothHassanChop-gGzAlnru_QQDhQBX/edit,22,14.98,1.47,2022-03-04 09:33:32.304695
jonzherka,https://clips.twitch.tv/DullArtsyMinkEagleEye-xaIqL75qB2X6UNBr/edit,35,22.49,1.56,2022-03-04 09:33:53.200602
jonzherka,https://clips.twitch.tv/DirtyDirtyDiamondANELE-y2akNxJiD7_xnX5Q/edit,25,16.76,1.49,2022-03-04 09:35:30.330954
jonzherka,https://clips.twitch.tv/SpinelessMagnificentOrcaCharlieBitMe-Ye8WvX_jQijCAXU3/edit,20,14.27,1.4,2022-03-04 09:37:07.456448
jonzherka,https://clips.twitch.tv/TenaciousUninterestedBananaKevinTurtle-fMEbufwxT6ZghVFd/edit,12,8.0,1.5,2022-03-04 09:38:39.562384
jonzherka,https://clips.twitch.tv/ThoughtfulFreezingDogAliens-FEwX89GUkAz7YSpe/edit,16,10.65,1.5,2022-03-04 09:39:00.423951
jonzherka,https://clips.twitch.tv/SpikyPerfectMetalSoBayed-uZouFjvxPsVJkK8t/edit,15,10.55,1.42,2022-03-04 09:40:02.282108
jonzherka,https://clips.twitch.tv/KitschyPleasantNewtJKanStyle--DYzZHKMUlGiA6ph/edit,30,18.73,1.6,2022-03-04 09:40:23.240627
jonzherka,https://clips.twitch.tv/CredulousViscousPineapplePastaThat-khNUbQFchh5kZeNA/edit,10,7.06,1.42,2022-03-04 09:42:20.222461
jonzherka,https://clips.twitch.tv/FantasticSuperLegYouDontSay-3NsYEEA0fUNk4GHw/edit,32,12.59,2.54,2022-03-04 09:42:41.019520
jonzherka,https://clips.twitch.tv/PatientSuperTomatoKAPOW-IKTScb8fzyuHmUhh/edit,19,12.86,1.48,2022-03-04 09:43:57.994105
jonzherka,https://clips.twitch.tv/CarelessThoughtfulAsparagusPJSugar-lbb4oW6xu4WneuY5/edit,5,3.39,1.48,2022-03-04 09:46:32.145316
jonzherka,https://clips.twitch.tv/RelatedGoodFloofPastaThat-qcT1IFBY2EmAsJOe/edit,17,5.76,2.95,2022-03-04 09:46:53.048983
jonzherka,https://clips.twitch.tv/PlayfulAmusedAlmondMau5-y4oB0g-1UkpZQokS/edit,22,15.41,1.43,2022-03-04 09:47:48.047243
jonzherka,https://clips.twitch.tv/ThoughtfulKindSandwichPartyTime-rx060aZVyQGlfxNv/edit,11,7.55,1.46,2022-03-04 09:50:01.054154
jonzherka,https://clips.twitch.tv/HilariousCorrectBillSeemsGood-Sw-o02m7Mm5rq_g7/edit,8,5.55,1.44,2022-03-04 09:51:01.101285
jonzherka,https://clips.twitch.tv/ResilientBusyAnacondaPanicBasket-EM_15hXS4c4D7TX8/edit,10,6.94,1.44,2022-03-04 09:51:25.997932
jonzherka,https://clips.twitch.tv/GorgeousTastyMonitorUWot-eU68m2L5VrMdH5io/edit,16,10.59,1.51,2022-03-04 09:51:46.795752
jonzherka,https://clips.twitch.tv/EnthusiasticTiredFlyPeanutButterJellyTime-iiUtUeXbbAJOcmks/edit,12,8.33,1.44,2022-03-04 09:53:19.985854
jonzherka,https://clips.twitch.tv/PricklyAcceptablePanDxAbomb-KPFUkoOwNpmFc1L2/edit,9,6.1,1.47,2022-03-04 09:54:22.826217
jonzherka,https://clips.twitch.tv/ZanySmokyPoultryBabyRage-OT00mSMydprYW5uY/edit,13,8.98,1.45,2022-03-04 09:54:43.621028
jonzherka,https://clips.twitch.tv/DaintyResourcefulQueleaDendiFace-s4giTjtLz-UdENlB/edit,20,11.71,1.71,2022-03-04 09:55:04.605307
jonzherka,https://clips.twitch.tv/HappyFuriousGarbageOneHand-j1A4KFrp398Eljt3/edit,19,13.47,1.41,2022-03-04 09:56:35.642469
jonzherka,https://clips.twitch.tv/ResourcefulTallLapwingDeIlluminati-kMml2O1R8Pl6JA-n/edit,22,14.92,1.47,2022-03-04 09:57:07.498528
jonzherka,https://clips.twitch.tv/VibrantRelatedPieGivePLZ-1i1y7opkUEWb4l2c/edit,18,11.59,1.55,2022-03-04 09:58:14.823199
jonzherka,https://clips.twitch.tv/ComfortableFrigidCheetahResidentSleeper-LMTbDacxjAtdUE8u/edit,12,8.49,1.41,2022-03-04 09:59:08.891199
jonzherka,https://clips.twitch.tv/VictoriousAssiduousClipzSoonerLater-tup4QUfw7QsfPxT8/edit,19,11.33,1.68,2022-03-04 09:59:39.990608
jonzherka,https://clips.twitch.tv/LovelyImpartialCheeseWOOP-wv1vb28K2L9q8f7j/edit,26,17.63,1.47,2022-03-04 10:00:17.929317
jonzherka,https://clips.twitch.tv/CallousOptimisticMochaMcaT-gpTXJtM5rUP_dErj/edit,22,14.88,1.48,2022-03-04 10:03:03.858778
jonzherka,https://clips.twitch.tv/SillyHotSardineFrankerZ-bb3ifxxtaMjTojPU/edit,18,12.76,1.41,2022-03-04 10:04:08.922699
jonzherka,https://clips.twitch.tv/DelightfulWealthyDumplingsMoreCowbell-EpvSMkhTFXfkMT_I/edit,25,17.69,1.41,2022-03-04 10:05:11.801604
jonzherka,https://clips.twitch.tv/SpoopyEphemeralMinkDeIlluminati-VfVgQL3zCBwujBhQ/edit,15,10.08,1.49,2022-03-04 10:07:45.793325
jonzherka,https://clips.twitch.tv/ManlyCoyMetalVoHiYo-H3mSZdSGZ60LJ24-/edit,31,20.88,1.48,2022-03-04 10:08:06.696850
jonzherka,https://clips.twitch.tv/InventiveInventiveMartenFrankerZ-5k_lRT_XmPsFirrl/edit,23,15.14,1.52,2022-03-04 10:09:20.842430
jonzherka,https://clips.twitch.tv/CuriousSpookyIguanaM4xHeh-_Q-vev_nCYqSgd4B/edit,18,12.45,1.45,2022-03-04 10:10:42.765960
jonzherka,https://clips.twitch.tv/FancyWimpyWalletFrankerZ-18TKRKtel_rErzdo/edit,21,14.43,1.46,2022-03-04 10:11:06.495738
jonzherka,https://clips.twitch.tv/MiniatureModernPresidentShadyLulu-djIwQlhZYNhfQuA2/edit,26,17.43,1.49,2022-03-04 10:12:38.530331
jonzherka,https://clips.twitch.tv/SavoryWanderingJaguarPMSTwin-Wu8bR3oiKWo3e0VU/edit,82,34.73,2.36,2022-03-04 10:12:59.527219
jonzherka,https://clips.twitch.tv/TangentialMildSalmonCclamChamp-noLp3OezaucqZOgI/edit,74,52.76,1.4,2022-03-04 10:13:50.521698
jonzherka,https://clips.twitch.tv/RelentlessAgreeableCakePrimeMe-arRtrYTE-4s-XfUL/edit,22,14.55,1.51,2022-03-04 10:15:44.613064
jonzherka,https://clips.twitch.tv/RelatedSneakyPuppyKeyboardCat-mJMgoUhUoCEmg8N9/edit,38,23.45,1.62,2022-03-04 10:16:05.644970
jonzherka,https://clips.twitch.tv/PleasantTastySandwichUncleNox-NzBkl64AuDlENbNt/edit,34,22.71,1.5,2022-03-04 10:18:14.780360
jonzherka,https://clips.twitch.tv/GrotesqueMoldyPeachGrammarKing-flxEmII6GopnWC9I/edit,42,27.8,1.51,2022-03-04 10:19:51.746831
jonzherka,https://clips.twitch.tv/GiftedSmoothAsparagusNotLikeThis-xxn0KxmUgEMp3CiX/edit,94,51.18,1.84,2022-03-04 10:20:12.579574
jonzherka,https://clips.twitch.tv/ElegantCrispyMarrowPeteZaroll-zbzEqoLBylKuzZOy/edit,22,15.04,1.46,2022-03-04 10:22:04.465507
jonzherka,https://clips.twitch.tv/NeighborlyNastyFishPermaSmug-QWBrZgqfg_8ogxwO/edit,50,26.67,1.87,2022-03-04 10:22:25.337040
jonzherka,https://clips.twitch.tv/TriangularBovineArmadilloEagleEye-eqYYoLIeKBDqzyAo/edit,17,11.73,1.45,2022-03-04 10:25:45.409270
jonzherka,https://clips.twitch.tv/BashfulCooperativeMallardKevinTurtle-BqIl3bQd4yIV1EBb/edit,21,14.39,1.46,2022-03-04 10:27:01.617281
jonzherka,https://clips.twitch.tv/BreakablePhilanthropicCurlewTF2John-tf8CFhv_SCHROqWg/edit,30,21.02,1.43,2022-03-04 10:27:46.519984
jonzherka,https://clips.twitch.tv/TameBigCheeseSquadGoals-D_oLY5mcl_P401bb/edit,23,15.27,1.51,2022-03-04 10:30:11.444488
jonzherka,https://clips.twitch.tv/ShinyCovertGoldfishKreygasm-kK4SokfRlCEmVIpG/edit,31,21.65,1.43,2022-03-04 10:30:32.438286
jonzherka,https://clips.twitch.tv/LongShortReubenLeeroyJenkins-iso5YWxLa9IAWq5i/edit,31,21.76,1.42,2022-03-04 10:31:26.301177
jonzherka,https://clips.twitch.tv/DaintyAmusedSoybeanChocolateRain-7Fq-waEv7qcma5PD/edit,21,14.67,1.43,2022-03-04 10:33:08.174537
jonzherka,https://clips.twitch.tv/VainAggressiveSkirretJonCarnage-zdDZ8XmbdgSvGpQT/edit,20,13.67,1.46,2022-03-04 10:35:07.176107
jonzherka,https://clips.twitch.tv/AcceptableYummyPidgeonDeIlluminati-VclcrmSoqrjYyD2Q/edit,28,18.14,1.54,2022-03-04 10:35:29.990303
jonzherka,https://clips.twitch.tv/CleanMistyBubbleteaDancingBanana-ncmrFZgLy-x-Ee-Q/edit,23,16.0,1.44,2022-03-04 10:36:50.198387
jonzherka,https://clips.twitch.tv/DiligentFrailChinchillaPupper-lj0Eo1WLGtWqxMiN/edit,17,11.29,1.51,2022-03-04 10:39:07.436815
jonzherka,https://clips.twitch.tv/BoredNeighborlyRaisinMrDestructoid-Y83shp3Ai9SNjXA9/edit,13,8.86,1.47,2022-03-04 10:40:46.356883
jonzherka,https://clips.twitch.tv/PuzzledCourageousOxTBTacoRight-CoCz2e5Gp922vgfe/edit,10,6.96,1.44,2022-03-04 10:43:10.312417
jonzherka,https://clips.twitch.tv/ExpensiveSpunkyShrewHoneyBadger-exQ-zPksFSXq-7yY/edit,15,9.92,1.51,2022-03-04 10:43:31.198017
jonzherka,https://clips.twitch.tv/PlumpCorrectGarlicTheThing-1ljZN96enyizBzrT/edit,22,14.63,1.5,2022-03-04 10:44:05.094457
jonzherka,https://clips.twitch.tv/DaintyKitschyHornetBCWarrior-1NQvsUCdBNDr7kZ3/edit,17,11.88,1.43,2022-03-04 10:46:30.405240
jonzherka,https://clips.twitch.tv/GenerousImportantCasetteYouDontSay-JMqlOIA0bSt59REQ/edit,28,18.31,1.53,2022-03-04 10:47:10.413674
jonzherka,https://clips.twitch.tv/CrispyPleasantChinchillaBCWarrior-6HGxmeZJVdri33hj/edit,10,6.57,1.52,2022-03-04 10:50:08.479129
jonzherka,https://clips.twitch.tv/BlitheEnergeticWormCopyThis-owxhjPqO8KdDEiUM/edit,9,6.41,1.4,2022-03-04 10:51:16.431524
jonzherka,https://clips.twitch.tv/DeafTacitCookiePoooound-zGM9zyVL1LVCtYG6/edit,16,7.98,2.01,2022-03-04 10:51:37.425934
jonzherka,https://clips.twitch.tv/AttractiveRoundWerewolfLitFam-oyqaBc8E4Ju7mT1Y/edit,10,6.94,1.44,2022-03-04 10:54:35.407544
jonzherka,https://clips.twitch.tv/ConsiderateDistinctBearANELE-MyEzGr3fhMCwV_IL/edit,13,8.51,1.53,2022-03-04 10:55:00.260413
jonzherka,https://clips.twitch.tv/ObliqueColorfulBibimbapPanicBasket-B_XrZLwb6_1Q5tfz/edit,13,7.96,1.63,2022-03-04 10:56:11.218817
jonzherka,https://clips.twitch.tv/DiligentTentativeCurryKAPOW-8Tfya4QYXUtBBSNL/edit,14,9.45,1.48,2022-03-04 10:56:48.062385
jonzherka,https://clips.twitch.tv/ThirstyRudeLeopardCharlieBitMe-Bpht4urVsnkrgWna/edit,25,15.59,1.6,2022-03-04 10:57:09.000623
jonzherka,https://clips.twitch.tv/FuriousCleverCatSaltBae-Q36HFo0OO8wMAKqI/edit,9,6.18,1.46,2022-03-04 10:58:43.926093
jonzherka,https://clips.twitch.tv/LovelyRefinedHawkPunchTrees-qLCuN7c91XI43Jw1/edit,13,7.92,1.64,2022-03-04 10:59:05.938425
jonzherka,https://clips.twitch.tv/TalentedPolishedWoodpeckerUnSane-S21GJoVkBO00bHJq/edit,15,10.06,1.49,2022-03-04 11:00:51.007950
jonzherka,https://clips.twitch.tv/SavorySolidSnailCoolStoryBro-LzF1nZGehF1IXbfh/edit,19,13.24,1.43,2022-03-04 11:01:12.066501
jonzherka,https://clips.twitch.tv/CrispyManlyBeanDoritosChip-4jsNGnb2qEALU3pS/edit,16,9.47,1.69,2022-03-04 11:02:46.018569
jonzherka,https://clips.twitch.tv/TalentedGracefulGaragePeanutButterJellyTime-4Rh_GLQvnoW6kqGi/edit,19,13.51,1.41,2022-03-04 11:03:07.007504
jonzherka,https://clips.twitch.tv/AbstemiousClearBorkDancingBanana-dXH8ylZYP2t0wSQW/edit,20,13.39,1.49,2022-03-04 11:04:27.018835
jonzherka,https://clips.twitch.tv/DeadSpikyEagleNomNom-OUNx1UWMlpBqRC3N/edit,36,25.41,1.42,2022-03-04 11:05:44.922008
jonzherka,https://clips.twitch.tv/BigElegantDurianKappaWealth-NG4uud66XLQDJmif/edit,16,11.39,1.41,2022-03-04 11:08:13.867102
jonzherka,https://clips.twitch.tv/InventiveEnchantingOysterAsianGlow-k6Wo6e3YWnD_0HKn/edit,18,12.67,1.42,2022-03-04 11:08:49.768854
jonzherka,https://clips.twitch.tv/TrappedShinyFoxPunchTrees-GYcM4cSjGwgqiLid/edit,21,14.82,1.42,2022-03-04 11:09:46.806429
jonzherka,https://clips.twitch.tv/BadSpookyDoveItsBoshyTime-kghOHJBqBOR5Wr-s/edit,15,10.53,1.42,2022-03-04 11:10:49.754628
jonzherka,https://clips.twitch.tv/CrispyLongBurritoPlanking-c3Xn2CELipLzivl0/edit,16,11.24,1.42,2022-03-04 11:11:12.534657
jonzherka,https://clips.twitch.tv/SullenUnusualLatteEleGiggle-nSVwLq1hhZslRV66/edit,11,7.16,1.54,2022-03-04 11:12:47.702519
jonzherka,https://clips.twitch.tv/LaconicAmazingClipzNotATK-X5PEJ0fD-05yZCNH/edit,15,9.53,1.57,2022-03-04 11:13:38.522339
jonzherka,https://clips.twitch.tv/BusyEntertainingMoonTooSpicy-pXxE32d3uA6IV3tm/edit,9,6.1,1.47,2022-03-04 11:15:04.498997
jonzherka,https://clips.twitch.tv/CharmingRenownedAnteaterSwiftRage-WuqXL5x3uGnqPQTk/edit,8,5.24,1.53,2022-03-04 11:16:51.470559
jonzherka,https://clips.twitch.tv/MoistFunSwanTBCheesePull-lAGu-Im_L94rWV8w/edit,8,5.63,1.42,2022-03-04 11:17:14.447946
jonzherka,https://clips.twitch.tv/AmericanFineBearRlyTho-VKMkM4hqiqvNG25u/edit,9,5.65,1.59,2022-03-04 11:18:58.299801
jonzherka,https://clips.twitch.tv/ImpartialCrypticOrangeFrankerZ-jYcyFn7oMyqVnalO/edit,7,4.67,1.5,2022-03-04 11:20:10.180028
jonzherka,https://clips.twitch.tv/RespectfulPreciousApple4Head-hZjlQotBiPym6CHd/edit,7,4.57,1.53,2022-03-04 11:21:17.025103
jonzherka,https://clips.twitch.tv/MoralConcernedCrabsDerp-7UXFh976DQOLuAAj/edit,10,5.78,1.73,2022-03-04 11:22:23.055352
jonzherka,https://clips.twitch.tv/CuriousAgreeableFoxANELE-VD3fBePXFXNhmOLZ/edit,11,7.69,1.43,2022-03-04 11:23:12.003491
jonzherka,https://clips.twitch.tv/SoftQuaintWhaleJebaited-7GKnGytmV30N4W7c/edit,15,8.96,1.67,2022-03-04 11:24:00.862459
jonzherka,https://clips.twitch.tv/AmazonianRichPineappleLitty-F20oJxwMNnQTg3Up/edit,11,7.0,1.57,2022-03-04 11:26:59.857018
jonzherka,https://clips.twitch.tv/TriangularSmallAnteaterWTRuck-q0qVVRmrSXcufO7Y/edit,37,12.94,2.86,2022-03-04 11:27:20.648186
jonzherka,https://clips.twitch.tv/UglySlickWalrusResidentSleeper-VxU8JF3HCND1s1OL/edit,21,14.88,1.41,2022-03-04 11:28:34.619546
jonzherka,https://clips.twitch.tv/OptimisticEagerSkunkVoHiYo-damDp9sU-FVOOSku/edit,17,10.57,1.61,2022-03-04 11:29:44.476325
jonzherka,https://clips.twitch.tv/HomelyGrotesquePistachioMingLee-UWACQLyNc3dNVIiD/edit,15,10.57,1.42,2022-03-04 11:30:43.549743
jonzherka,https://clips.twitch.tv/AwkwardCogentJalapenoKlappa-i0gA4CytehZIRXFL/edit,13,8.61,1.51,2022-03-04 11:32:13.514640
jonzherka,https://clips.twitch.tv/AntediluvianRockyPonyCopyThis-9NSot2ZL0G5_WE0N/edit,12,7.35,1.63,2022-03-04 11:33:05.482902
jonzherka,https://clips.twitch.tv/TsundereAgreeableDotterelKappaWealth-veJZFJr-Iofn49kd/edit,11,7.49,1.47,2022-03-04 11:34:50.575540
jonzherka,https://clips.twitch.tv/FastReliableFlamingoDxCat-TD-Irct1A1Ph9LQ4/edit,15,10.71,1.4,2022-03-04 11:35:55.549902
jonzherka,https://clips.twitch.tv/TenuousSneakyZebraPoooound--ZPSrans2E_UkiP6/edit,22,13.88,1.59,2022-03-04 11:36:16.494629
jonzherka,https://clips.twitch.tv/ColdKawaiiArmadilloAMPTropPunch-SuNQDrtRpyXMNYUA/edit,21,14.35,1.46,2022-03-04 11:37:28.437751
jonzherka,https://clips.twitch.tv/SlickDaintySwanBCouch-Whq_LOvB_Tgo_-yz/edit,14,9.51,1.47,2022-03-04 11:39:02.311053
jonzherka,https://clips.twitch.tv/SingleScrumptiousZebraAMPTropPunch--715mp5byIK9Pvgi/edit,15,10.67,1.41,2022-03-04 11:40:12.262522
jonzherka,https://clips.twitch.tv/ShortBlitheWoodcockOneHand-ttdqelHkLgIJRQFK/edit,12,7.82,1.54,2022-03-04 11:41:35.349431
jonzherka,https://clips.twitch.tv/SaltyColorfulParrotBrainSlug-C949XVlr4exs5sAB/edit,17,11.94,1.42,2022-03-04 11:41:56.192106
jonzherka,https://clips.twitch.tv/CalmZealousWaspItsBoshyTime-WO8bGfQJkRjI-S5b/edit,23,15.71,1.46,2022-03-04 11:42:16.997276
jonzherka,https://clips.twitch.tv/FitComfortableHerbsSSSsss-zh__m09Acai-D3EY/edit,19,12.53,1.52,2022-03-04 11:44:11.006373
jonzherka,https://clips.twitch.tv/PoliteSneakySoymilkWutFace-jfncAtRHNYmnD_u1/edit,10,6.8,1.47,2022-03-04 11:46:01.158501
jonzherka,https://clips.twitch.tv/ReliableCloudyOxAliens-GMd9fTpPgK2PTqMk/edit,12,8.08,1.48,2022-03-04 11:48:21.074753
jonzherka,https://clips.twitch.tv/DeafHedonisticBaguetteTinyFace-sdLxZK2Slhfs5wW1/edit,15,9.49,1.58,2022-03-04 11:50:09.192902
jonzherka,https://clips.twitch.tv/WildTiredLapwingRaccAttack-Sl2ixKWKAWI38yWh/edit,12,7.82,1.54,2022-03-04 11:52:13.492504
jonzherka,https://clips.twitch.tv/TangentialCuteFennelKeepo-141Dqvy-w6f0QebK/edit,10,6.94,1.44,2022-03-04 11:53:42.458102
jonzherka,https://clips.twitch.tv/ExcitedFlaccidClamFrankerZ-qVQpqDsgCS8JDyn-/edit,15,8.16,1.84,2022-03-04 11:54:06.435645
jonzherka,https://clips.twitch.tv/WanderingNimbleHummingbirdUWot-1YxDAI51hOPfwt27/edit,24,13.65,1.76,2022-03-04 11:54:27.282714
jonzherka,https://clips.twitch.tv/AmazonianDifferentJayPoooound-0kKRI0LrMETsn10O/edit,11,7.61,1.45,2022-03-04 11:56:46.389827
jonzherka,https://clips.twitch.tv/BlueAliveTubersGivePLZ-dJYVAgOQJ6QetZI-/edit,15,10.14,1.48,2022-03-04 11:57:13.224804
jonzherka,https://clips.twitch.tv/LitigiousBrainyKiwiTooSpicy-aAT4Tcqphq77Pi1W/edit,24,15.24,1.57,2022-03-04 11:57:34.082320
jonzherka,https://clips.twitch.tv/UgliestUnusualCocoaCclamChamp-QRavNbq9KhoNS3ZP/edit,9,5.39,1.67,2022-03-04 12:00:10.272161
jonzherka,https://clips.twitch.tv/LazyDifferentFiddleheadsKeyboardCat-SI59L1yiTsJGh3Ot/edit,12,8.14,1.47,2022-03-04 12:00:32.161770
jonzherka,https://clips.twitch.tv/HealthyOilyChimpanzeeAliens-nPSyhYtsZrpPKgUa/edit,16,10.9,1.47,2022-03-04 12:01:16.091519
jonzherka,https://clips.twitch.tv/EnjoyableCovertPandaTBTacoLeft-JWyEgOb-C1rvCBAP/edit,16,9.41,1.7,2022-03-04 12:02:21.141470
jonzherka,https://clips.twitch.tv/AuspiciousCoweringNightingaleDoritosChip-skk3xu3FW4cr0oWz/edit,12,8.57,1.4,2022-03-04 12:04:36.186501
jonzherka,https://clips.twitch.tv/PiliableSpineyZucchiniSpicyBoy-B-PguSNOoyBgahV2/edit,22,11.9,1.85,2022-03-04 12:04:57.198082
jonzherka,https://clips.twitch.tv/MoralSilkyWaspANELE-axYmEHy-daJxu1r2/edit,10,7.1,1.41,2022-03-04 12:06:10.250753
jonzherka,https://clips.twitch.tv/SpoopyZealousWallabyPupper-KbVLk6jrROqyEqCd/edit,9,5.59,1.61,2022-03-04 12:07:00.116327
jonzherka,https://clips.twitch.tv/SmellyAlluringGiraffePupper-g6zOW832ft9nydGZ/edit,9,6.2,1.45,2022-03-04 12:08:10.050579
jonzherka,https://clips.twitch.tv/ImpartialColdBeaverStoneLightning-AjwiWeQtdihJIeD8/edit,12,8.1,1.48,2022-03-04 12:08:40.873863
jonzherka,https://clips.twitch.tv/CoyObservantLarkDerp-C3vwHmp-N-fDyZ_t/edit,15,10.57,1.42,2022-03-04 12:09:03.773093
jonzherka,https://clips.twitch.tv/EnthusiasticVenomousPlumberBibleThump-xTd1YkQwpXSPAG67/edit,18,12.55,1.43,2022-03-04 12:10:05.736055
jonzherka,https://clips.twitch.tv/RespectfulRelievedOwlNinjaGrumpy-zha4dXAiXCcgyfHg/edit,15,10.49,1.43,2022-03-04 12:11:14.706149
jonzherka,https://clips.twitch.tv/FilthyHungryShrewWOOP-bBEq2wi5-wP2Oauk/edit,23,15.8,1.46,2022-03-04 12:11:36.769914
jonzherka,https://clips.twitch.tv/SpeedyBraveGarbageMVGame-eA7P7p_r7JqDtJiR/edit,14,9.82,1.43,2022-03-04 12:13:00.666354
jonzherka,https://clips.twitch.tv/SillyFaintMarjoramFutureMan-l57KKi4qsLn1GyxS/edit,14,9.84,1.42,2022-03-04 12:15:17.644913
jonzherka,https://clips.twitch.tv/DependableBloodyBeefKappaPride-jA4gYkmC8deIfVil/edit,22,13.57,1.62,2022-03-04 12:15:38.441361
jonzherka,https://clips.twitch.tv/RudeSpunkyJackalPogChamp-0yRZ8H7oGfDTWgbY/edit,14,9.49,1.48,2022-03-04 12:17:06.311511
jonzherka,https://clips.twitch.tv/GleamingObedientGiraffeDBstyle-6FBU0bSKThAFRijk/edit,13,8.71,1.49,2022-03-04 12:17:58.270820
jonzherka,https://clips.twitch.tv/YawningObliviousFlamingoTheRinger-CkfrK-NGO7-oGCYG/edit,14,9.84,1.42,2022-03-04 12:18:25.157823
jonzherka,https://clips.twitch.tv/CautiousSolidSowHeyGirl-ueRwPmGEtXW-YIdl/edit,19,13.0,1.46,2022-03-04 12:18:46.073912
jonzherka,https://clips.twitch.tv/GenerousGentleShrimpSoBayed-Htbui7T-HemVS6kZ/edit,17,11.69,1.45,2022-03-04 12:20:08.135391
jonzherka,https://clips.twitch.tv/ArborealWittyButterOpieOP-cHZInhSKdxesmwhP/edit,15,9.78,1.53,2022-03-04 12:21:12.162814
jonzherka,https://clips.twitch.tv/OnerousZealousGrasshopperHassanChop-Bb1pFpeoBKrmgqDG/edit,9,5.96,1.51,2022-03-04 12:23:08.189563
jonzherka,https://clips.twitch.tv/ModernAltruisticSparrowFeelsBadMan-WeTLAK75ZyspXVyl/edit,9,6.08,1.48,2022-03-04 12:23:40.230939
jonzherka,https://clips.twitch.tv/CarefulGiantSpiderTBTacoRight-Wt3oSusym4119EJ0/edit,11,7.65,1.44,2022-03-04 12:24:01.034315
jonzherka,https://clips.twitch.tv/MushyFrigidEmuPermaSmug-9vgG1h2gylKsL9bC/edit,14,9.82,1.43,2022-03-04 12:24:59.992084
jonzherka,https://clips.twitch.tv/SpikyOpenChickpeaBibleThump-C80n14a2e1MB-NYI/edit,12,8.41,1.43,2022-03-04 12:26:56.022435
jonzherka,https://clips.twitch.tv/EphemeralDelightfulLatteEagleEye-3wDd7hdR9xds9cRp/edit,6,3.76,1.6,2022-03-04 12:28:38.218315
jonzherka,https://clips.twitch.tv/SparklingInexpensivePelicanRalpherZ-iTWzsgIgjhYtEfg3/edit,11,7.51,1.46,2022-03-04 12:29:00.235763
jonzherka,https://clips.twitch.tv/FilthySingleBeaverFunRun-_MECkHyJeCgUeCFc/edit,19,12.2,1.56,2022-03-04 12:29:21.313042
jonzherka,https://clips.twitch.tv/MildBloodyMagpieNononoCat-eO5NYmZGbczGKWx5/edit,15,10.18,1.47,2022-03-04 12:31:18.318571
jonzherka,https://clips.twitch.tv/BoringAbnegateHorseradishTF2John-VpZ6-ZgwnzNHqe5J/edit,12,8.04,1.49,2022-03-04 12:33:10.234561
jonzherka,https://clips.twitch.tv/ScaryAltruisticCiderPrimeMe-zX08vKa1hUEUkeNL/edit,16,11.29,1.42,2022-03-04 12:34:10.166134
jonzherka,https://clips.twitch.tv/SmilingGoodChimpanzeeWoofer-Aij-I3sdSMjZvLJz/edit,23,16.02,1.44,2022-03-04 12:34:50.344052
jonzherka,https://clips.twitch.tv/CrackyDreamySpindlePeanutButterJellyTime-cQ5RghqNDVEH-ydR/edit,15,10.08,1.49,2022-03-04 12:36:16.361067
jonzherka,https://clips.twitch.tv/CuriousTangibleFoxUWot-xkIH7DrDmWFLr3Zu/edit,12,8.57,1.4,2022-03-04 12:37:16.303900
jonzherka,https://clips.twitch.tv/PrettyCuriousConsoleWow-zVAHiEufGUrm0RJj/edit,15,10.43,1.44,2022-03-04 12:37:39.297292
jonzherka,https://clips.twitch.tv/LightFaintClamRedCoat-MaYlfb7gHCJddV2I/edit,6,3.78,1.59,2022-03-04 12:38:55.389681
jonzherka,https://clips.twitch.tv/ScrumptiousTsundereDragonflyMau5-v0KYJKCEErql0eVM/edit,17,6.1,2.79,2022-03-04 12:39:16.262500
jonzherka,https://clips.twitch.tv/GloriousCleverPepperOSkomodo-Hj74PbjBEnPUhTUV/edit,25,12.61,1.98,2022-03-04 12:39:37.170514
jonzherka,https://clips.twitch.tv/SpunkySincereCaribouCharlieBitMe-CGFw79iTe6Hx3QgO/edit,20,14.16,1.41,2022-03-04 12:41:00.320002
jonzherka,https://clips.twitch.tv/ComfortableHotSangTTours-JCfK21XkxXEmbUhv/edit,12,8.45,1.42,2022-03-04 12:43:35.359374
jonzherka,https://clips.twitch.tv/RelentlessBadLarkPeoplesChamp-0g71t9s8YCf5OC06/edit,20,14.2,1.41,2022-03-04 12:45:43.302763
jonzherka,https://clips.twitch.tv/PlainHumbleMoonWow-VWD_p6cp3c4HD-AB/edit,8,5.55,1.44,2022-03-04 12:46:42.251613
jonzherka,https://clips.twitch.tv/NurturingGracefulConsoleDatBoi-vrXa1Ion-RqdToBy/edit,9,6.08,1.48,2022-03-04 12:47:09.217675
jonzherka,https://clips.twitch.tv/ShinyNaiveZebraDeIlluminati-K-bY9oCHCLKhYQI2/edit,11,6.8,1.62,2022-03-04 12:47:42.071432
jonzherka,https://clips.twitch.tv/RelentlessCarefulHeronOneHand-iykTXSKt4t6Hra4m/edit,16,10.49,1.53,2022-03-04 12:48:06.077536
jonzherka,https://clips.twitch.tv/LovelyBadSandwichBudBlast-hfBVzRpeZOjkP_Da/edit,21,14.16,1.48,2022-03-04 12:49:04.988136
jonzherka,https://clips.twitch.tv/HelplessNastyFiddleheadsHassaanChop-WQp3swGsQkLOrc2g/edit,13,8.24,1.58,2022-03-04 12:50:16.895546
jonzherka,https://clips.twitch.tv/WanderingIncredulousCookieDancingBanana-tdr2-bRj4V-2lp-_/edit,12,8.39,1.43,2022-03-04 12:51:07.848005
jonzherka,https://clips.twitch.tv/ScrumptiousDullAlmondPeteZarollTie-5AYV5imMM7vG1kCa/edit,16,11.31,1.42,2022-03-04 12:51:52.748450
jonzherka,https://clips.twitch.tv/OpenCallousManateeWOOP-vLvviEDpyjvqxHoi/edit,40,20.1,1.99,2022-03-04 12:52:13.700369
jonzherka,https://clips.twitch.tv/BoredAverageLaptopStinkyCheese-V121xzNtQT8HiVwz/edit,21,13.9,1.51,2022-03-04 12:54:00.674144
jonzherka,https://clips.twitch.tv/TentativeCoyVelociraptorPMSTwin-G5xtdbSeLkl62CVz/edit,12,7.98,1.5,2022-03-04 12:55:36.546637
jonzherka,https://clips.twitch.tv/BombasticStrongPandaTTours-dCUQZhrAgo78Ptcn/edit,22,15.51,1.42,2022-03-04 12:57:39.526652
jonzherka,https://clips.twitch.tv/RichHyperAirGuitarBigBrother-kDIAoQke10AVvqMW/edit,10,6.61,1.51,2022-03-04 12:59:38.754560
jonzherka,https://clips.twitch.tv/EnticingCredulousBeefPraiseIt-MTtGl7eLZY6kjPlH/edit,10,6.8,1.47,2022-03-04 13:00:06.604575
jonzherka,https://clips.twitch.tv/PlayfulAntediluvianArmadilloImGlitch-dtlIx1dhMZ5bRElY/edit,15,10.49,1.43,2022-03-04 13:01:05.516423
jonzherka,https://clips.twitch.tv/ObeseCuriousHumanTheRinger-VbgaM0zMqCFAABXd/edit,19,13.37,1.42,2022-03-04 13:01:30.442337
jonzherka,https://clips.twitch.tv/NeighborlyVictoriousAppleKeepo-IKeVoRn8_hmiJjl6/edit,8,5.06,1.58,2022-03-04 13:03:15.434281
jonzherka,https://clips.twitch.tv/BlindingBitterSkunkAsianGlow-ZFhrJmtVrdTkea0R/edit,12,7.51,1.6,2022-03-04 13:03:36.514215
jonzherka,https://clips.twitch.tv/KindEnthusiasticPicklesRlyTho-ORtV9p5uOILNtc3I/edit,8,5.2,1.54,2022-03-04 13:04:39.642321
jonzherka,https://clips.twitch.tv/FurtiveBetterDelicataBigBrother-jVx-_Ff44uwSsr5H/edit,13,8.57,1.52,2022-03-04 13:05:00.640515
jonzherka,https://clips.twitch.tv/RockyBadButterflyWow-toz-5x816S6qvyW1/edit,12,8.08,1.48,2022-03-04 13:06:37.794787
jonzherka,https://clips.twitch.tv/CrypticDaintyMartenLitty-9uqLqRT5dzVAUpaI/edit,10,6.9,1.45,2022-03-04 13:07:38.991794
jonzherka,https://clips.twitch.tv/MoldyPeppyCookieSoonerLater-p5ugY3EEVseo8HJc/edit,14,9.76,1.44,2022-03-04 13:08:06.904211
jonzherka,https://clips.twitch.tv/ProudSassyMosquitoStoneLightning-4IFUDoy_BeTDuFkY/edit,17,11.67,1.46,2022-03-04 13:09:09.935297
jonzherka,https://clips.twitch.tv/SmallSneakyTofuCeilingCat-UOj-VAPPg6i-OU17/edit,15,9.94,1.51,2022-03-04 13:10:19.885425
jonzherka,https://clips.twitch.tv/ColorfulFurryDugongCeilingCat-MOJixW6n0_iJUxv6/edit,17,11.94,1.42,2022-03-04 13:10:43.132512
jonzherka,https://clips.twitch.tv/UgliestIncredulousDugongBIRB-y4jUWX7OUPaSAZPP/edit,16,10.82,1.48,2022-03-04 13:12:17.213979
jonzherka,https://clips.twitch.tv/CleverPreciousHyenaDendiFace-4ZMr5xEaeRY4F5Si/edit,14,9.14,1.53,2022-03-04 13:13:07.211251
jonzherka,https://clips.twitch.tv/DreamyBrainyNigiriBIRB-h9xQGQj9h9hvYy0_/edit,20,14.06,1.42,2022-03-04 13:13:28.059596
jonzherka,https://clips.twitch.tv/ExquisiteSecretiveCoffeeJonCarnage-dQVik5AVo1zTY1IO/edit,21,14.47,1.45,2022-03-04 13:15:22.091101
jonzherka,https://clips.twitch.tv/WittyShakingTarsierTTours-nnLji5noJJrFH87y/edit,31,19.35,1.6,2022-03-04 13:15:42.925364
jonzherka,https://clips.twitch.tv/SavageEnergeticEggTheThing-VvJ6zyb0IkYNZb9i/edit,13,8.96,1.45,2022-03-04 13:17:03.851441
jonzherka,https://clips.twitch.tv/ThoughtfulAnnoyingFloofNerfBlueBlaster-0Jng9ncKThmK-bCw/edit,16,11.02,1.45,2022-03-04 13:17:50.671342
jonzherka,https://clips.twitch.tv/InspiringSaltyReubenTriHard-QDi0SXRQki1ni_ee/edit,23,14.27,1.61,2022-03-04 13:18:11.539178
jonzherka,https://clips.twitch.tv/WiseDullGarbageBrainSlug-cSsIEdlBafsZ3gLo/edit,18,11.06,1.63,2022-03-04 13:19:05.411906
jonzherka,https://clips.twitch.tv/SingleRacyMouseLitFam-5ieiAG0gcgKU9rGK/edit,8,5.22,1.53,2022-03-04 13:21:04.504379
jonzherka,https://clips.twitch.tv/BlatantUglyStapleCharlietheUnicorn-KAyxvEIZBnhRdh00/edit,12,8.47,1.42,2022-03-04 13:21:38.398659
jonzherka,https://clips.twitch.tv/BetterAntsyGerbilPraiseIt-Lsk7CIOZkmWWHorD/edit,17,11.47,1.48,2022-03-04 13:22:03.385266
jonzherka,https://clips.twitch.tv/ResourcefulExquisiteGaurPJSalt-J4OUaH7jDv0c08Gm/edit,20,12.04,1.66,2022-03-04 13:23:09.432911
jonzherka,https://clips.twitch.tv/TriangularGiantOstrichSmoocherZ-bqPhUHmn7aGpd-aw/edit,18,12.61,1.43,2022-03-04 13:24:13.464904
jonzherka,https://clips.twitch.tv/SavoryIgnorantWoodcockHeyGuys--dsKlfxG-Pp9SATN/edit,8,5.63,1.42,2022-03-04 13:25:45.436759
jonzherka,https://clips.twitch.tv/CredulousSplendidLobsterPupper-NibgUuIupP1u6IsY/edit,26,12.49,2.08,2022-03-04 13:26:06.230297
jonzherka,https://clips.twitch.tv/LazyAdorablePepperoniBatChest-P-IAVbwHKvToVVo6/edit,9,6.02,1.49,2022-03-04 13:28:54.254621
jonzherka,https://clips.twitch.tv/WittySuccessfulApeEagleEye-71-8lFoxfyacnTcD/edit,9,5.65,1.59,2022-03-04 13:30:39.365218
jonzherka,https://clips.twitch.tv/HorribleColdbloodedPastaPermaSmug-LaO5AM95_x9uTmKT/edit,12,8.31,1.44,2022-03-04 13:31:07.339986
ahrelevant,https://clips.twitch.tv/CleanSarcasticPassionfruitCurseLit-mcuklB9ijuFZYkwD/edit,13,7.14,1.82,2022-03-07 17:39:49.161077
ahrelevant,https://clips.twitch.tv/PiliablePeppyCiderKappaClaus-4_kaTMBcL79xtimp/edit,8,4.39,1.82,2022-03-07 17:44:41.064864
ahrelevant,https://clips.twitch.tv/KathishCrazyLorisOSfrog-fRYK26DUOfPSFi7S/edit,6,3.18,1.88,2022-03-07 17:46:31.818420
ahrelevant,https://clips.twitch.tv/SmoggyEndearingLemurOSfrog-nMjGTM6ACoWhxWYL/edit,10,5.41,1.85,2022-03-07 17:47:23.520986
ahrelevant,https://clips.twitch.tv/CharmingBelovedCakeStoneLightning-uMTNDEg-3WZNDSKb/edit,6,3.12,1.92,2022-03-07 17:50:17.324550
ahrelevant,https://clips.twitch.tv/GeniusEsteemedGalagoSmoocherZ-mzY-5WLGqScZzanK/edit,9,4.9,1.84,2022-03-07 17:50:45.200210
ahrelevant,https://clips.twitch.tv/AuspiciousColdbloodedSalmonBloodTrail-BQyQq0qE44rQeTZp/edit,7,3.45,2.03,2022-03-07 17:52:24.110270
ahrelevant,https://clips.twitch.tv/PlacidTsundereOcelotOSkomodo-CxgjRm6S-vvFcIxO/edit,16,8.37,1.91,2022-03-07 17:52:44.959658
ahrelevant,https://clips.twitch.tv/PrettyVenomousCod4Head-3ild5u1oR9zGcG5v/edit,5,2.51,1.99,2022-03-07 17:54:43.895350
ahrelevant,https://clips.twitch.tv/FragileBusyHamStinkyCheese-bfdobBOj43U067Sr/edit,6,3.24,1.85,2022-03-07 17:55:06.551654
ahrelevant,https://clips.twitch.tv/AthleticTenderWheelChefFrank-T0NM4v3DmtTlOnTm/edit,10,5.2,1.92,2022-03-07 18:00:11.520326
ahrelevant,https://clips.twitch.tv/FastFlirtyMonkeyCoolStoryBob-iYl3ScjDmNb24x2A/edit,6,3.02,1.99,2022-03-07 18:03:04.417330
ahrelevant,https://clips.twitch.tv/FunnyCuriousKuduWTRuck-xV9kNNmrGRRaRmwh/edit,7,3.51,1.99,2022-03-07 18:04:46.357787
ahrelevant,https://clips.twitch.tv/RelievedShinyHippoMingLee-lfM26YiZW4M1696R/edit,24,10.65,2.25,2022-03-07 18:05:07.013612
ahrelevant,https://clips.twitch.tv/BlatantSuccessfulClipzWholeWheat-RBfPOdqqeYzDM4Bt/edit,2,1.08,1.85,2022-03-07 18:09:26.899945
ahrelevant,https://clips.twitch.tv/BreakableCourageousCocoaNotATK-eS9TnKAWNroudvmH/edit,5,2.41,2.08,2022-03-07 18:09:47.746554
ahrelevant,https://clips.twitch.tv/IcySneakyHumanTheTarFu-0Gw6G7t6IxOjwGkL/edit,6,2.8,2.15,2022-03-07 18:10:47.440074
ahrelevant,https://clips.twitch.tv/ViscousKindHeronSMOrc-LVge5-L3jA5vAGQz/edit,9,4.88,1.85,2022-03-07 18:13:18.346707
ahrelevant,https://clips.twitch.tv/FaintAnimatedTaroM4xHeh-xla61qQqFHkEiqVp/edit,4,2.12,1.88,2022-03-07 18:16:05.146009
ahrelevant,https://clips.twitch.tv/JoyousBreakableKoalaWholeWheat-GGTlB_Ue-nsExFLl/edit,8,3.47,2.31,2022-03-07 18:18:07.897550
ahrelevant,https://clips.twitch.tv/FastYummyEyeballM4xHeh-pDD65iQ9HxwP7skh/edit,9,4.96,1.81,2022-03-07 18:19:21.604962
ahrelevant,https://clips.twitch.tv/SneakyArtsyPelicanTwitchRPG-XhcUHti5qF9R_49o/edit,13,6.92,1.88,2022-03-07 18:20:12.316086
ahrelevant,https://clips.twitch.tv/SpikyLitigiousChickpeaSpicyBoy-Igbuw9L_deV0bZ3o/edit,8,3.43,2.33,2022-03-07 18:24:02.214033
ahrelevant,https://clips.twitch.tv/TangibleBlueFishPanicVis-jjzge0VyNOA34a09/edit,5,2.57,1.94,2022-03-07 18:26:58.342553
ahrelevant,https://clips.twitch.tv/LivelyShortAppleDancingBaby-3lQ9D1FUwFqJOtjG/edit,10,4.78,2.09,2022-03-07 18:27:19.003090
ahrelevant,https://clips.twitch.tv/RudeTrustworthyCaterpillarItsBoshyTime-htQ2TeXQAyaI15LF/edit,5,2.18,2.29,2022-03-07 18:29:23.762601
ahrelevant,https://clips.twitch.tv/BetterTrappedCroquetteWholeWheat-DR-9QuY1dAhkzRH_/edit,6,3.1,1.93,2022-03-07 18:29:56.534529
ahrelevant,https://clips.twitch.tv/OnerousUninterestedChowderPoooound-Op-CqcJEO9rCI0tN/edit,6,3.33,1.8,2022-03-07 18:31:12.276448
ahrelevant,https://clips.twitch.tv/AnimatedDullPartridgeArsonNoSexy-_W8nYBxMdWUYDW-u/edit,9,4.92,1.83,2022-03-07 18:31:32.947876
ahrelevant,https://clips.twitch.tv/ElatedArbitraryCoyotePMSTwin-2_nS7danmcc1PyUV/edit,9,4.02,2.24,2022-03-07 18:35:37.216649
ahrelevant,https://clips.twitch.tv/BlushingInventiveGrasshopperDancingBaby-yUcJKvMii-jaB3TJ/edit,6,2.82,2.13,2022-03-07 18:38:23.097692
ahrelevant,https://clips.twitch.tv/SarcasticMotionlessGalagoOMGScoots-4zrxiLvwvJFyoj6P/edit,10,4.47,2.24,2022-03-07 18:38:43.854719
ahrelevant,https://clips.twitch.tv/SolidCuriousFoxMingLee-E3YvtmuBnQ8dLHDA/edit,5,2.14,2.33,2022-03-07 18:41:49.874066
ahrelevant,https://clips.twitch.tv/AmericanOriginalDumplingsKappa-Uc2wjqfXIZXC7e1T/edit,3,1.51,1.99,2022-03-07 18:45:36.734831
ahrelevant,https://clips.twitch.tv/EnchantingTangentialMangetoutDoggo-7t_6sMeltStOItto/edit,4,1.96,2.04,2022-03-07 18:46:43.446830
ahrelevant,https://clips.twitch.tv/BlightedHappyPeafowlCmonBruh-R1rhAYMcI2IhQF_t/edit,5,2.76,1.81,2022-03-07 18:47:31.466706
ahrelevant,https://clips.twitch.tv/ProductiveResilientRaisinMikeHogu-DANKqEml9ZClHO94/edit,6,2.41,2.49,2022-03-07 18:49:21.209944
ahrelevant,https://clips.twitch.tv/OnerousHardPigCharlieBitMe-cxQec49gSbxsdy8U/edit,6,3.33,1.8,2022-03-07 18:51:00.942146
ahrelevant,https://clips.twitch.tv/ObservantPlayfulHamsterTheTarFu-LrPQyfIsknvIIXXW/edit,6,3.33,1.8,2022-03-07 18:51:27.946069
ahrelevant,https://clips.twitch.tv/HealthyDarkParrotRlyTho-NJqf0C7acSGTU7GS/edit,6,3.24,1.85,2022-03-07 18:53:01.875202
ahrelevant,https://clips.twitch.tv/LachrymoseImpartialOpossumCoolStoryBro-O0xiYKIZDR06_F12/edit,3,1.47,2.04,2022-03-07 18:54:58.968474
ahrelevant,https://clips.twitch.tv/RepleteDifficultYogurtBudStar-HjgQ8AXfDYeZRTOw/edit,4,2.16,1.85,2022-03-07 18:55:23.807320
ahrelevant,https://clips.twitch.tv/BumblingArbitraryYogurtYouDontSay-rHJgX2hrVHmXevR_/edit,2,1.06,1.88,2022-03-07 18:57:06.560018
ahrelevant,https://clips.twitch.tv/AbnegateBigNigiriWholeWheat-fMNCAwXW3wWxhgOJ/edit,8,3.39,2.36,2022-03-07 18:57:27.562165
ahrelevant,https://clips.twitch.tv/CourageousArtsySkirretYee-1KHo_oILqxddJZ9T/edit,3,1.55,1.93,2022-03-07 18:59:55.531140
ahrelevant,https://clips.twitch.tv/DullIcySnailArsonNoSexy-qAv_07E1bX4liK83/edit,6,3.1,1.93,2022-03-07 19:00:16.228237
ahrelevant,https://clips.twitch.tv/PeacefulWildPepperoniFreakinStinkin-QFm2cPftEnpwOkqV/edit,8,4.39,1.82,2022-03-07 19:00:56.993068
ahrelevant,https://clips.twitch.tv/TiredCarelessMelonEleGiggle-C-Hl0dXLf3tM89v6/edit,5,2.55,1.96,2022-03-07 19:03:20.755994
ahrelevant,https://clips.twitch.tv/CleanBlushingPastaWTRuck-rcaa-JUoabRvz4N4/edit,5,2.41,2.08,2022-03-07 19:04:18.888943
ahrelevant,https://clips.twitch.tv/TemperedPuzzledFloofBCWarrior-y7fYrV4I5Yg5pKo0/edit,4,2.04,1.96,2022-03-07 19:05:20.763341
ahrelevant,https://clips.twitch.tv/PoisedFriendlyLemurPastaThat-9OEBVLZmJlbB-3Q3/edit,5,2.55,1.96,2022-03-07 19:08:27.641293
ahrelevant,https://clips.twitch.tv/GenerousRockyCoyoteBlargNaut-loIev7NPvisQm5JV/edit,4,1.73,2.31,2022-03-07 19:10:41.624267
ahrelevant,https://clips.twitch.tv/PreciousHardHamDuDudu-BbIs7stvIW6qySkA/edit,8,3.84,2.09,2022-03-07 19:11:02.490627
destiny,https://clips.twitch.tv/AnimatedSquareGarbageMcaT-Gfm7NxCQ3LF3q_3i/edit,13,7.02,1.85,2022-03-08 00:11:01.677791
destiny,https://clips.twitch.tv/HeartlessRenownedFungusKeepo-rQ6_1o9zBjQVbEQ_/edit,28,15.29,1.83,2022-03-08 00:11:22.450084
destiny,https://clips.twitch.tv/ColdBrainyKumquatSuperVinlin-Xtcn7qfHekBGQ5qV/edit,10,5.33,1.88,2022-03-08 00:13:46.469686
destiny,https://clips.twitch.tv/CogentSucculentPizzaSMOrc-qUFO_ZpxFir0Iar8/edit,8,4.31,1.86,2022-03-08 00:17:05.490771
destiny,https://clips.twitch.tv/FlirtyPoorFoxMcaT-M8HoHtOItz5eGo3U/edit,10,5.2,1.92,2022-03-08 00:19:41.346189
destiny,https://clips.twitch.tv/RoughShinyTardigradeMcaT-nbD_VhAJf3Z-gO3s/edit,15,7.96,1.88,2022-03-08 00:21:53.242117
destiny,https://clips.twitch.tv/BadRoundAmazonBleedPurple-9spfJ-5pGuioIN5y/edit,21,11.55,1.82,2022-03-08 00:25:40.649735
destiny,https://clips.twitch.tv/BoredPoliteSalamanderTheThing-X6Qj4t7jgpmvGYz5/edit,25,13.06,1.91,2022-03-08 00:29:19.731954
destiny,https://clips.twitch.tv/EnergeticArtisticTomatoJonCarnage-IU6jPCswig7EEhx8/edit,23,12.47,1.84,2022-03-08 00:32:01.597338
destiny,https://clips.twitch.tv/KathishBlatantKoalaTF2John-6amGYUcocZKC3URO/edit,29,15.92,1.82,2022-03-08 00:34:12.658308
destiny,https://clips.twitch.tv/RelatedMoistElephantHoneyBadger-GGKePG4IpmuTUg3b/edit,40,21.86,1.83,2022-03-08 00:34:58.688008
destiny,https://clips.twitch.tv/GlamorousAmusedScallionCoolStoryBro-j-BKjZCyMBBGHNqZ/edit,15,6.71,2.23,2022-03-08 00:39:23.958545
destiny,https://clips.twitch.tv/OutstandingClumsyCheeseCclamChamp-vUJWfIQAXcVC7XC5/edit,20,9.94,2.01,2022-03-08 00:42:52.125969
destiny,https://clips.twitch.tv/ElatedClumsyLegRalpherZ-_QzN_o_tYG5EAnvf/edit,5,2.57,1.94,2022-03-08 00:45:28.001312
destiny,https://clips.twitch.tv/BenevolentAcceptablePenguinRiPepperonis-k_OGtt558P2cgT-F/edit,7,3.78,1.85,2022-03-08 00:47:55.844594
destiny,https://clips.twitch.tv/HotDistinctCheesecakePhilosoraptor-gCFMWxFI6pg27zEw/edit,5,2.67,1.87,2022-03-08 00:50:07.788562
destiny,https://clips.twitch.tv/EnticingLaconicHawkMoreCowbell-pl-PjO5B4dk63-nC/edit,8,4.1,1.95,2022-03-08 00:53:57.736309
destiny,https://clips.twitch.tv/ExquisiteGenerousSpindleBudBlast-l2yUTaw95X0bI_pv/edit,7,3.82,1.83,2022-03-08 00:56:56.683830
destiny,https://clips.twitch.tv/PowerfulLachrymoseNoodleBabyRage-g_3EhKhnmubvxdXG/edit,10,5.45,1.84,2022-03-08 00:57:28.641094
destiny,https://clips.twitch.tv/BovineAlluringPidgeonOneHand-MJ3XddkWf7LOwGYb/edit,7,3.08,2.27,2022-03-08 01:02:50.698055
destiny,https://clips.twitch.tv/MiniatureSuaveShingleHotPokket-xKBdDw69nuh71jpv/edit,20,8.43,2.37,2022-03-08 01:03:11.472045
destiny,https://clips.twitch.tv/GleamingTriumphantReindeerTooSpicy-nr1An7MfdsJA1ReL/edit,10,5.04,1.98,2022-03-08 01:11:45.675487
destiny,https://clips.twitch.tv/BlitheWanderingDragonfruitRedCoat-v5CLhFdgDeXclWbc/edit,13,7.1,1.83,2022-03-08 01:15:57.629554
destiny,https://clips.twitch.tv/MagnificentBusyWatercressTwitchRPG-VjE8a6BNmak-BzRK/edit,10,5.55,1.8,2022-03-08 01:17:00.409328
destiny,https://clips.twitch.tv/SeductivePeppyTomatoEagleEye-zlHygcHCO1mdErSF/edit,17,9.02,1.88,2022-03-08 01:25:20.750769
destiny,https://clips.twitch.tv/PleasantBraveSproutOMGScoots-21utaeWXoWFqlIiM/edit,11,6.06,1.81,2022-03-08 01:26:32.755664
destiny,https://clips.twitch.tv/InnocentAcceptableKathyDancingBanana-dh3EcHmC29JEH7Y8/edit,9,4.88,1.85,2022-03-08 01:31:52.872362
destiny,https://clips.twitch.tv/TameBloodyKoupreyBCouch-Y63Sz-T7ZAQ_CnHl/edit,5,2.69,1.86,2022-03-08 01:34:02.720907
destiny,https://clips.twitch.tv/EvilAdorableLyrebirdKappaPride-5iapLUH-6TNs8nCd/edit,8,3.84,2.09,2022-03-08 01:34:31.578892
destiny,https://clips.twitch.tv/SparklyTawdryShrewTF2John-tY14-OVpB2iiEzWM/edit,9,4.94,1.82,2022-03-08 01:38:46.687473
destiny,https://clips.twitch.tv/HardBlueDunlinPhilosoraptor-i_dREV7my4nKJuCL/edit,5,2.73,1.83,2022-03-08 01:40:13.622880
destiny,https://clips.twitch.tv/LazyBumblingPancakeTriHard-hgcN004w8oRUd913/edit,6,3.29,1.83,2022-03-08 01:41:44.418001
destiny,https://clips.twitch.tv/SmoothInquisitiveWhaleOSsloth-qBHCKfbp1siAnW_H/edit,27,10.67,2.53,2022-03-08 01:42:05.232505
destiny,https://clips.twitch.tv/CrypticDignifiedOrangeANELE-0PqJ122sHv3B0Zq9/edit,18,9.45,1.9,2022-03-08 01:43:40.998358
destiny,https://clips.twitch.tv/BenevolentFamousMetalTheThing-M16XzBq4gZaMKS5R/edit,11,5.65,1.95,2022-03-08 01:45:12.803756
destiny,https://clips.twitch.tv/CleanSlipperyGoshawkYee-LBLEcbe0VTI-nk-w/edit,23,9.41,2.44,2022-03-08 01:45:33.599546
destiny,https://clips.twitch.tv/HumbleSuperChimpanzeeStoneLightning-C2tZViP9P1IXQLxV/edit,37,18.45,2.01,2022-03-08 01:49:15.673908
destiny,https://clips.twitch.tv/SuaveVainShingleSaltBae-QXNwuwV0YRgRc-t-/edit,12,6.35,1.89,2022-03-08 01:50:56.504589
destiny,https://clips.twitch.tv/SpinelessSilkyLouseHotPokket-aCXNnjgscf5tpx2x/edit,20,9.63,2.08,2022-03-08 01:52:27.308476
destiny,https://clips.twitch.tv/CrowdedBusyAdminPartyTime-r_vfUCkRGfZ9Atol/edit,9,4.88,1.85,2022-03-08 01:55:23.225326
destiny,https://clips.twitch.tv/DrabTsundereSoymilkKlappa-NAmrfZ55-V7-RCLn/edit,6,3.2,1.87,2022-03-08 01:56:46.093424
destiny,https://clips.twitch.tv/OpenHotStorkTwitchRPG-hBnPLAnZ6cFC8Oz7/edit,6,3.0,2.0,2022-03-08 01:57:40.010483
destiny,https://clips.twitch.tv/MoistBraveBottleDoggo-aWrOPWAKvK4xlcXg/edit,6,2.98,2.01,2022-03-08 01:58:26.964928
destiny,https://clips.twitch.tv/ComfortableCrazyPeachKAPOW-GdQBOH3WbTFgDccj/edit,7,3.61,1.94,2022-03-08 02:00:30.164418
destiny,https://clips.twitch.tv/SolidPluckySangSSSsss-g0E4RLoYbDW9o43L/edit,14,7.47,1.87,2022-03-08 02:01:19.926951
destiny,https://clips.twitch.tv/NimbleScaryCattlePartyTime-gWOaEQC8Zncdpb4M/edit,6,3.31,1.81,2022-03-08 02:05:52.966301
destiny,https://clips.twitch.tv/TastyComfortablePotatoHassanChop-x9jIjMU8gHEKIdH7/edit,12,5.8,2.07,2022-03-08 02:07:12.758496
destiny,https://clips.twitch.tv/RockyAmorphousFinchCharlieBitMe-dR7vYQ-fGzqZXy1C/edit,15,8.22,1.82,2022-03-08 02:07:47.745724
destiny,https://clips.twitch.tv/BlindingTemperedArtichokeTakeNRG-pTckr_Eg-Mjy5EEC/edit,10,4.9,2.04,2022-03-08 02:11:25.745728
destiny,https://clips.twitch.tv/EagerInventiveOtterSMOrc-ydLVgu4UVXFt0D7Y/edit,10,3.96,2.53,2022-03-08 02:14:19.800579
destiny,https://clips.twitch.tv/EmpathicLazyBurritoKlappa-BZo3i2_nV897RcAy/edit,5,2.55,1.96,2022-03-08 02:18:59.808765
destiny,https://clips.twitch.tv/MoralProudBorkPicoMause-illyiGQ6Q0dkPZ8b/edit,6,3.08,1.95,2022-03-08 02:19:22.552160
destiny,https://clips.twitch.tv/ImportantTolerantEggplantSoBayed-lCLeOdOUhYXe4rUS/edit,11,5.43,2.03,2022-03-08 02:25:01.589463
destiny,https://clips.twitch.tv/LuckyYummyDuckOneHand-m1S5HCUfVdf8tRCM/edit,23,11.78,1.95,2022-03-08 02:25:22.386022
destiny,https://clips.twitch.tv/AltruisticSmilingBeanCoolStoryBro-BOB_DLfNJu2l9rwW/edit,13,6.96,1.87,2022-03-08 02:28:48.298664
destiny,https://clips.twitch.tv/FunnyCovertGoldfishDBstyle-7PyRv_K_pgBnRQPo/edit,17,8.92,1.91,2022-03-08 02:29:18.059039
destiny,https://clips.twitch.tv/ArtisticHealthyCheeseGingerPower-nl3dFImZfm9auwbg/edit,10,4.86,2.06,2022-03-08 02:33:51.110280
destiny,https://clips.twitch.tv/OutstandingCrispyBatDansGame-Dg17tlRt5ZKfyE58/edit,11,6.1,1.8,2022-03-08 02:35:51.969125
destiny,https://clips.twitch.tv/WonderfulFaithfulAlbatrossDerp-QvQriC6SNY1_PZDm/edit,7,3.67,1.91,2022-03-08 02:38:20.824983
xqcow,https://clips.twitch.tv/KnottyAthleticHippoWoofer-OPVgBPFZxcGXYB4r/edit,716,839.51,0.85,2022-03-22 10:19:00.913674
xqcow,https://clips.twitch.tv/GrossCrowdedSowGOWSkull-aI1nzYC7F6_5WaCY/edit,751,694.0,1.08,2022-03-22 10:29:19.341617
echo_esports,https://clips.twitch.tv/LuckyTransparentDill4Head-BsjGCy6kGNHILrNt/edit,60,72.39,0.83,2022-03-22 10:29:55.196288
xqcow,https://clips.twitch.tv/RoundSweetFriseeFeelsBadMan-YKJhansLjGde_JIQ/edit,864,771.41,1.12,2022-03-22 10:30:21.134633
fextralife,https://clips.twitch.tv/RockyStormyKleeCoolStoryBob-X9T1m7k3go1gRral/edit,9,11.12,0.81,2022-03-22 10:30:35.082877
echo_esports,https://clips.twitch.tv/SneakyAlertGalagoGOWSkull-fvGJ7RPgurZhUTMK/edit,38,45.29,0.84,2022-03-22 10:30:57.908069
xqcow,https://clips.twitch.tv/AuspiciousAverageOwlFeelsBadMan-uOUl5GluDHbwRIZn/edit,1038,877.39,1.18,2022-03-22 10:31:23.736360
fextralife,https://clips.twitch.tv/TameIgnorantCamelBatChest-UAvJS18xd0FgXDs7/edit,29,13.47,2.15,2022-03-22 10:31:37.446933
echo_esports,https://clips.twitch.tv/DelightfulCarelessLEDKlappa-R9bwuOpFwsUG4vRN/edit,56,52.22,1.07,2022-03-22 10:32:00.537278
xqcow,https://clips.twitch.tv/TrappedGoodTardigradePlanking-anxnXdkRV7dn5Dsa/edit,905,938.04,0.96,2022-03-22 10:32:26.425912
fextralife,https://clips.twitch.tv/InquisitiveColdPineapplePanicBasket-ujzbf5oV9gcVP4f-/edit,17,20.45,0.83,2022-03-22 10:32:46.398726
echo_esports,https://clips.twitch.tv/WealthyKindGiraffePMSTwin-ogscC-bhJxlMGelc/edit,36,44.27,0.81,2022-03-22 10:33:21.376920
xqcow,https://clips.twitch.tv/TemperedFancyChowderBigBrother-tDVsf6TzJRrQnqPU/edit,897,998.61,0.9,2022-03-22 10:33:29.328734
fextralife,https://clips.twitch.tv/BlitheBombasticPlumNomNom-dh4V_axR5WMYNFX7/edit,26,22.8,1.14,2022-03-22 10:33:49.306415
xqcow,https://clips.twitch.tv/GrossMildNigiriKreygasm-CWSkBmmSP4h6wqgx/edit,897,979.1,0.92,2022-03-22 10:34:31.231933
fextralife,https://clips.twitch.tv/ObedientToughHawkPJSalt-7K0j6O3ipi6I3duL/edit,28,23.73,1.18,2022-03-22 10:34:51.110475
xqcow,https://clips.twitch.tv/DoubtfulTallChickpeaCorgiDerp-hpdF-JzPbAW-Gcsq/edit,1136,958.14,1.19,2022-03-22 10:35:32.957124
echo_esports,https://clips.twitch.tv/ArbitraryDistinctFiddleheadsPraiseIt-i9CIT4atufZahjHj/edit,21,25.41,0.83,2022-03-22 10:35:44.839401
xqcow,https://clips.twitch.tv/DarlingImpartialMarjoramOpieOP-Hg_ViHeWJyP4ahFj/edit,947,1015.59,0.93,2022-03-22 10:36:34.685602
echo_esports,https://clips.twitch.tv/JazzyDepressedGarlicDogFace--wuIP0YVxFzI36OB/edit,32,23.08,1.39,2022-03-22 10:36:46.758879
fextralife,https://clips.twitch.tv/CleverFamousKeyboardTheRinger-gozwOJECYIp3MRMy/edit,16,18.71,0.85,2022-03-22 10:36:52.664759
xqcow,https://clips.twitch.tv/PoisedFantasticCheesePlanking-xMxM5A3TBXaavZTo/edit,1029,1055.76,0.97,2022-03-22 10:37:37.560294
fextralife,https://clips.twitch.tv/FitDirtyTomatoNerfBlueBlaster-otOb2UN_udeddVIF/edit,27,19.24,1.4,2022-03-22 10:37:54.482687
xqcow,https://clips.twitch.tv/GeniusPeppyMelonKappa-HbMermGILmpXRRSy/edit,802,962.63,0.83,2022-03-22 10:38:39.399957
echo_esports,https://clips.twitch.tv/ComfortableFilthyCrabSoonerLater-GogACiviD_Mj2qnj/edit,22,24.57,0.9,2022-03-22 10:38:42.402054
xqcow,https://clips.twitch.tv/MotionlessBadMelonKreygasm-GCpQ0_4OVxDOGDXG/edit,1263,1295.16,0.98,2022-03-22 10:46:37.030697
echo_esports,https://clips.twitch.tv/TardyToughAsparagusStrawBeary-zLmhgZX4w1i2vnhb/edit,61,41.16,1.48,2022-03-22 10:46:39.906083
xqcow,https://clips.twitch.tv/GloriousScrumptiousDiamondVoteYea-qHoNyQuRjZDhebK2/edit,1055,1111.92,0.95,2022-03-22 11:02:59.260580
echo_esports,https://clips.twitch.tv/DeliciousTacitCaribouTwitchRPG-CSXZ9LOU1X8x6TgI/edit,44,49.63,0.89,2022-03-22 11:03:10.206518
fextralife,https://clips.twitch.tv/SparklingBoldJuiceUnSane-dLuvTN7Mzi_2862o/edit,12,14.57,0.82,2022-03-22 11:03:38.187058
xqcow,https://clips.twitch.tv/ConfidentLongRaisinJonCarnage-latgfGGGs26QY7hu/edit,1129,1070.69,1.05,2022-03-22 11:04:22.399284
echo_esports,https://clips.twitch.tv/AcceptableAltruisticChickpeaStinkyCheese-wBoTvVpVIZFor17O/edit,86,48.49,1.77,2022-03-22 11:04:33.302065
xqcow,https://clips.twitch.tv/FrozenRelatedFerretPunchTrees-e_QBmv8HJKznjKTC/edit,1170,1083.61,1.08,2022-03-22 11:11:39.461539
fextralife,https://clips.twitch.tv/BrightTawdryDillPipeHype-rPMTvkSkB_zO2BX2/edit,18,21.88,0.82,2022-03-22 11:11:41.185606
echo_esports,https://clips.twitch.tv/NurturingIntelligentAntelopeArsonNoSexy-gTiX4-XaLQRxBiGT/edit,61,34.39,1.77,2022-03-22 11:11:43.094877
xqcow,https://clips.twitch.tv/DirtyAltruisticDiscPJSugar-oF4LG1YCEgzcfR7l/edit,1013,1089.92,0.93,2022-03-22 11:13:02.363510
fextralife,https://clips.twitch.tv/AltruisticObeseAmazonFloof-o9sedbwLxLjulwxw/edit,25,22.59,1.11,2022-03-22 11:13:04.069309
echo_esports,https://clips.twitch.tv/CrazyDiligentChimpanzeeDAESuppy-GBGBtj4iYPaBZr_V/edit,92,59.86,1.54,2022-03-22 11:13:05.886234
xqcow,https://clips.twitch.tv/SpinelessEncouragingPeanutTF2John-NEh7jeDLv3PEQYMf/edit,2367,2463.84,0.96,2022-03-22 11:59:37.706068
knut,https://clips.twitch.tv/RudeEnergeticAntTheThing-a8RsS7bykAkWpfB1/edit,106,63.88,1.66,2022-03-22 11:59:39.529705
jonzherka,https://clips.twitch.tv/ThirstyEndearingAlmondPeoplesChamp-7sGsrEp9Ix3vqUpO/edit,106,96.65,1.1,2022-03-22 11:59:41.556005
echo_esports,https://clips.twitch.tv/BombasticPiercingKaleFloof-ZOZ5hvhPWOmbZIGU/edit,522,234.29,2.23,2022-03-22 11:59:48.653475
cowsep,https://clips.twitch.tv/PlayfulFrigidLorisKeepo-oIKLwCc-MS29ptr1/edit,6,7.39,0.81,2022-03-22 12:01:57.092346
xqcow,https://clips.twitch.tv/PlayfulNaiveKangarooYouWHY-ESnFzNt-pHSAOjh3/edit,2435,2518.51,0.97,2022-03-22 12:03:23.318385
knut,https://clips.twitch.tv/ModernShinyParrotCclamChamp-We1dhrPudXL5PE6W/edit,164,96.96,1.69,2022-03-22 12:03:25.097025
jonzherka,https://clips.twitch.tv/DullAggressiveShingleWOOP-106etpTotFHKKnA5/edit,129,109.31,1.18,2022-03-22 12:03:26.839798
echo_esports,https://clips.twitch.tv/ImpartialSullenPterodactylHassanChop-exiUTliyMsuRCjvz/edit,292,349.59,0.84,2022-03-22 12:03:33.912100
cowsep,https://clips.twitch.tv/EphemeralTrappedWeaselYouDontSay-xN6xjlLfEIluyhkU/edit,19,9.18,2.07,2022-03-22 12:05:42.241103
xqcow,https://clips.twitch.tv/AltruisticArborealPancakeKappaRoss--Nb1Mv00X_qIG5HM/edit,2693,2513.31,1.07,2022-03-22 12:07:08.304841
jonzherka,https://clips.twitch.tv/RoughHealthyOxM4xHeh-zT4tUVp-0tjZ2ZcG/edit,141,123.14,1.15,2022-03-22 12:07:11.372511
echo_esports,https://clips.twitch.tv/PlainMoldyPistachioOptimizePrime-7UJgpNTHNHbSTSl8/edit,309,374.06,0.83,2022-03-22 12:07:18.335080
knut,https://clips.twitch.tv/CrazyRelentlessBunnyFeelsBadMan-ygSlH5G3vv84AiSl/edit,97,120.37,0.81,2022-03-22 12:07:56.253720
cowsep,https://clips.twitch.tv/ProudExquisiteFriseeDancingBaby-0RkXdOQ3Y2OyBdZM/edit,16,15.59,1.03,2022-03-22 12:09:27.279715
ahrelevant,https://clips.twitch.tv/ProtectiveCourteousPonyBleedPurple-2mhTE7Ui8g0C6zM9/edit,1,1.0,1.0,2022-03-23 16:07:21.443869
ahrelevant,https://clips.twitch.tv/BovineAthleticYogurtNononoCat-167-UvnF65sEHqyl/edit,7,3.89,1.8,2022-03-23 16:07:42.381995
ahrelevant,https://clips.twitch.tv/BelovedEnchantingWalletTinyFace-Q_rKUEtT4JCKe3ka/edit,27,24.33,1.11,2022-03-23 16:08:03.249324
ahrelevant,https://clips.twitch.tv/SpeedyCaringMartenANELE-YjuFE4rk5iJwxiWO/edit,32,19.67,1.63,2022-03-23 16:23:28.087080
asmongold,https://clips.twitch.tv/ImportantPhilanthropicDunlinBigBrother-3n8pXYxCxDT22AYG/edit,302,171.0,1.77,2022-03-23 16:23:30.967580
ahrelevant,https://clips.twitch.tv/AgreeableHelplessStingrayKappaClaus-KDgZtxGVHxgsLPQv/edit,51,40.0,1.27,2022-03-23 16:32:45.275408
destiny,https://clips.twitch.tv/KindGiantFishRickroll-fxTtktmHK0COrNGj/edit,35,29.33,1.19,2022-03-23 16:32:47.259878
asmongold,https://clips.twitch.tv/BlatantUninterestedGrouseRiPepperonis-byfMAY4siE98jYY1/edit,747,557.33,1.34,2022-03-23 16:32:49.142746
